"","X","Report.Number","Agency.Name","Crash.Date.Time","Route.Type","Road.Name","Municipality","Weather","Surface.Condition","Light","Traffic.Control","Driver.Substance.Abuse","Collision.Type","Driver.Distracted.By","Vehicle.ID","Vehicle.Damage.Extent","Vehicle.Body.Type","Vehicle.Model","Vehicle.Movement","Speed.Limit","Parked.Vehicle","Equipment.Problems","Location","class"
"1",0,191,2,293,2,134,14,0,0,3,4,5,9,7,524,0,14,19,18,8,0,1,123,"0"
"2",1,432,1,336,0,77,14,0,0,4,4,5,15,7,235,2,14,7,5,7,0,1,74,"1"
"3",2,295,0,324,2,22,8,0,0,1,4,5,9,5,558,5,14,55,15,5,0,1,486,"0"
"4",3,67,2,335,2,1,14,0,0,1,3,1,7,9,47,5,14,81,1,5,0,1,205,"0"
"5",4,67,2,335,2,1,14,0,0,1,3,5,7,7,500,5,17,59,10,5,1,1,205,"0"
"6",5,417,1,387,1,124,8,1,4,4,4,5,4,7,724,1,14,79,5,7,0,1,478,"2"
"7",6,449,1,330,1,124,8,0,0,4,4,5,9,7,22,2,14,25,18,7,0,1,471,"0"
"8",7,295,0,324,2,22,8,0,0,1,4,5,9,7,370,5,14,19,18,5,0,1,486,"0"
"9",8,338,0,289,1,38,8,0,0,4,1,5,4,7,310,2,14,25,8,7,0,1,535,"0"
"10",9,445,1,281,2,97,8,0,0,4,1,5,9,7,379,5,8,225,10,2,1,1,270,"0"
"11",10,192,2,291,1,100,14,1,0,4,1,5,6,7,403,1,14,184,8,8,0,1,176,"1"
"12",11,192,2,291,1,100,14,1,0,4,1,5,6,7,311,2,14,19,7,8,0,1,176,"0"
"13",12,140,2,295,1,100,14,2,4,4,4,5,7,7,622,5,14,13,16,5,0,1,233,"0"
"14",13,445,1,281,2,97,8,0,0,4,1,5,9,6,29,2,14,177,12,2,0,1,270,"0"
"15",14,617,1,287,1,38,8,0,0,4,1,5,15,7,211,3,14,169,6,6,0,1,519,"0"
"16",15,338,0,289,1,38,8,0,0,4,1,5,4,6,662,1,14,25,5,7,0,1,535,"0"
"17",16,139,2,292,2,101,14,0,0,4,1,5,14,7,623,1,14,208,6,5,0,1,85,"0"
"18",17,15,2,483,2,21,14,0,0,4,4,5,9,7,187,2,14,199,15,5,0,1,272,"0"
"19",18,557,1,463,2,58,2,1,0,4,1,5,13,7,475,5,14,108,8,5,0,1,19,"0"
"20",19,624,1,479,3,19,14,0,0,4,5,5,15,7,528,1,14,229,8,5,0,1,366,"0"
"21",20,250,0,474,1,38,8,0,0,4,1,5,9,7,775,5,14,55,18,7,0,1,590,"0"
"22",21,30,2,477,1,50,14,0,0,4,1,5,9,8,637,5,14,53,15,7,0,1,262,"0"
"23",22,8,2,473,2,65,14,0,0,4,3,5,7,7,416,3,13,207,6,6,0,1,186,"0"
"24",23,30,2,477,1,50,14,0,0,4,1,5,9,7,86,5,0,139,15,7,0,1,262,"0"
"25",24,606,1,225,1,24,14,0,0,4,4,5,7,7,106,5,3,27,18,6,0,1,224,"0"
"26",25,507,1,487,1,90,16,0,0,4,1,5,15,7,221,2,14,51,5,5,0,1,43,"2"
"27",26,507,1,487,1,90,16,0,0,4,1,5,15,7,446,2,8,112,8,6,0,1,43,"0"
"28",27,250,0,474,1,38,8,0,0,4,1,5,9,7,42,2,14,105,18,7,0,1,590,"0"
"29",28,80,2,218,1,121,14,2,4,2,1,5,15,7,176,2,14,207,18,7,0,1,190,"0"
"30",29,624,1,479,3,19,14,0,0,4,5,5,15,7,189,2,14,51,8,5,0,1,366,"0"
"31",30,226,3,478,1,12,16,0,0,1,1,0,14,5,388,1,14,235,0,5,0,1,24,"0"
"32",31,628,1,216,1,93,8,2,4,4,4,5,4,7,853,2,14,25,8,7,0,1,522,"0"
"33",32,554,1,153,2,87,14,0,0,4,4,5,1,6,532,2,20,35,0,5,0,1,259,"0"
"34",33,34,2,417,2,134,14,0,0,4,1,5,13,7,568,2,14,19,0,8,0,1,155,"0"
"35",34,82,2,423,2,25,14,0,0,4,4,5,15,9,529,2,14,79,5,6,0,1,250,"0"
"36",35,6,2,343,2,17,14,2,4,4,3,5,15,6,278,1,14,101,4,1,0,1,106,"2"
"37",36,275,0,328,1,76,8,0,0,4,4,5,9,7,520,1,14,207,18,7,0,1,578,"0"
"38",37,591,1,342,1,18,10,0,0,4,4,5,15,6,789,1,0,172,8,8,0,1,65,"1"
"39",38,524,1,416,1,127,14,0,0,4,4,5,4,7,418,1,14,192,16,8,0,1,331,"1"
"40",39,260,0,219,3,4,8,0,0,4,1,5,9,6,510,1,14,13,8,5,0,1,415,"0"
"41",40,319,0,327,1,93,8,0,0,4,3,5,15,6,166,1,14,81,0,7,0,1,421,"0"
"42",41,323,0,214,2,103,8,2,4,1,1,5,9,7,294,3,12,35,15,5,0,1,566,"0"
"43",42,5,2,419,1,38,14,0,0,4,1,5,7,7,792,1,14,15,8,8,0,1,358,"1"
"44",43,253,0,422,1,38,8,0,0,4,4,5,4,7,612,1,14,161,5,6,0,1,499,"0"
"45",44,324,0,331,1,93,8,1,0,4,4,5,9,7,338,1,14,163,15,7,0,1,463,"0"
"46",45,369,1,415,1,16,8,0,0,4,4,5,4,7,682,1,14,15,8,7,0,1,495,"0"
"47",46,83,2,356,2,23,14,0,0,4,4,5,7,7,666,2,14,207,15,6,0,1,304,"0"
"48",47,275,0,328,1,76,8,0,0,4,4,5,9,7,419,2,14,207,18,7,0,1,578,"0"
"49",48,6,2,343,2,17,14,2,4,4,3,5,15,7,870,1,14,85,8,6,0,1,106,"2"
"50",49,597,1,344,0,24,14,2,4,4,1,5,7,7,138,2,14,19,11,5,0,1,108,"0"
"51",50,512,1,412,0,78,8,0,0,4,4,5,15,7,79,1,14,19,5,9,0,1,430,"2"
"52",51,325,0,332,2,9,8,1,4,4,3,5,9,7,282,5,19,199,18,7,0,1,503,"1"
"53",52,325,0,332,2,9,8,1,4,4,3,5,9,6,883,5,14,55,15,7,0,1,503,"0"
"54",53,591,1,342,1,18,10,0,0,4,4,5,15,7,80,1,0,169,8,8,0,1,65,"1"
"55",54,522,1,212,1,133,6,0,0,4,1,5,9,7,20,1,14,207,15,7,0,1,6,"0"
"56",55,422,1,320,1,84,14,0,0,5,0,5,3,7,683,1,5,95,18,8,0,1,281,"0"
"57",56,83,2,356,2,23,14,0,0,4,4,5,7,7,763,1,14,202,15,8,0,2,304,"0"
"58",57,82,2,423,2,25,14,0,0,4,4,5,15,7,492,2,14,81,8,6,0,1,250,"0"
"59",58,369,1,415,1,16,8,0,0,4,4,5,4,7,618,1,14,19,5,7,0,1,495,"1"
"60",59,596,1,345,2,79,14,2,4,4,1,5,9,7,320,2,18,35,8,5,0,1,84,"0"
"61",60,324,0,331,1,93,8,1,0,4,4,5,9,7,241,2,14,207,15,7,0,1,463,"0"
"62",61,3,2,333,1,84,14,0,0,4,4,5,14,7,259,1,4,99,5,10,0,1,301,"0"
"63",62,253,0,422,1,38,8,0,0,4,4,5,4,5,62,1,14,43,8,6,0,1,499,"0"
"64",63,422,1,320,1,84,14,0,0,5,0,5,3,7,454,0,15,93,14,10,0,1,281,"0"
"65",64,34,2,417,2,134,14,0,0,4,1,5,13,7,530,2,14,19,8,8,0,1,155,"0"
"66",65,72,2,410,2,37,14,0,0,4,4,5,15,6,656,1,14,207,5,5,0,1,218,"0"
"67",66,516,1,211,2,85,8,2,4,4,4,5,15,7,523,1,14,198,16,6,0,1,565,"1"
"68",67,169,2,227,2,2,14,0,0,1,1,5,9,7,53,1,0,83,18,5,0,1,241,"0"
"69",68,601,1,169,0,78,8,2,4,1,1,5,15,7,299,1,14,19,4,9,0,1,356,"0"
"70",69,168,2,226,2,125,14,0,0,4,1,5,9,7,592,2,14,5,15,7,0,1,343,"1"
"71",70,71,2,58,2,47,14,0,0,4,1,5,13,7,233,3,18,35,15,5,0,1,134,"0"
"72",71,230,3,605,1,83,16,0,0,1,4,5,9,8,750,2,14,195,8,7,0,1,41,"0"
"73",72,504,1,603,2,134,14,1,0,1,1,5,14,7,698,2,17,19,8,7,0,1,132,"0"
"74",73,532,1,591,0,77,14,0,0,4,1,5,7,7,124,0,14,209,8,8,0,1,81,"0"
"75",74,234,0,584,1,38,8,0,0,4,4,5,13,7,255,5,14,17,0,6,0,1,547,"0"
"76",75,533,1,610,1,18,4,0,4,4,3,5,15,7,408,1,14,68,8,7,0,1,49,"2"
"77",76,25,2,553,1,121,14,0,0,1,1,5,15,7,587,1,14,51,15,8,0,1,625,"2"
"78",77,107,2,548,1,34,14,0,0,4,4,5,4,6,661,1,14,96,5,5,0,1,247,"0"
"79",78,389,1,585,1,76,8,0,0,5,4,5,15,7,28,2,0,192,5,7,0,1,586,"0"
"80",79,131,2,554,1,100,14,0,0,3,4,5,7,6,451,5,14,116,8,7,0,1,104,"0"
"81",80,155,2,599,2,89,14,0,0,4,1,5,7,6,354,5,14,19,0,2,0,1,340,"0"
"82",81,145,2,550,2,91,14,0,0,1,4,5,4,7,784,1,14,51,8,6,0,1,169,"1"
"83",82,38,2,503,2,102,14,0,0,4,4,5,9,7,516,5,14,207,16,5,0,1,319,"0"
"84",83,145,2,550,2,91,14,0,0,1,4,5,4,7,191,1,14,207,17,6,0,1,169,"0"
"85",84,267,0,501,2,74,8,0,0,4,1,5,7,6,289,5,14,43,1,1,0,1,443,"0"
"86",85,383,1,549,1,38,8,0,0,4,4,5,9,7,570,1,0,143,18,8,0,1,618,"2"
"87",86,25,2,553,1,121,14,0,0,1,1,5,15,7,625,1,14,185,0,8,0,1,625,"0"
"88",87,438,1,555,0,109,14,0,0,4,4,5,4,6,824,1,14,58,5,8,0,1,347,"1"
"89",88,438,1,555,0,109,14,0,0,4,4,5,4,7,677,1,14,19,0,8,0,1,347,"0"
"90",89,174,2,374,0,109,14,0,0,4,4,5,4,7,825,1,14,19,0,9,0,1,328,"2"
"91",90,0,2,373,2,111,14,1,0,4,1,5,7,7,699,2,14,13,4,5,0,1,326,"0"
"92",91,310,0,375,2,131,8,0,0,4,3,5,15,7,546,2,14,158,0,7,0,1,614,"0"
"93",92,127,2,362,1,100,14,0,0,4,1,5,14,5,220,1,14,19,17,2,0,1,193,"0"
"94",93,128,2,366,1,126,14,0,0,4,4,5,15,7,687,1,14,5,8,6,0,1,221,"0"
"95",94,276,0,355,2,29,8,0,0,4,3,5,14,7,581,5,15,54,6,5,0,1,438,"0"
"96",95,91,2,376,2,122,14,0,0,4,1,5,7,7,38,5,20,35,8,2,0,1,177,"0"
"97",96,437,1,352,1,121,14,0,0,4,1,5,9,7,459,1,14,5,8,8,0,1,191,"0"
"98",97,144,2,363,0,77,14,0,0,1,4,5,9,7,63,5,14,120,18,6,0,1,79,"1"
"99",98,51,2,351,1,50,14,0,0,4,4,5,4,6,565,1,14,19,5,7,0,1,206,"0"
"100",99,436,1,346,1,50,14,2,4,4,4,5,15,7,756,2,14,231,15,7,0,1,271,"0"
"101",100,224,3,368,2,54,16,0,0,4,3,5,7,7,195,3,13,207,8,5,0,1,39,"0"
"102",101,90,2,361,1,34,14,0,0,4,1,5,9,9,209,0,14,19,8,6,0,1,223,"1"
"103",102,218,3,420,2,68,16,1,0,4,3,5,15,6,110,5,14,49,16,5,0,1,37,"0"
"104",103,489,1,365,3,110,7,0,0,4,1,5,7,7,749,2,15,166,10,5,1,1,3,"0"
"105",104,592,1,411,1,120,10,0,0,4,1,5,9,7,248,2,14,25,15,8,0,1,66,"0"
"106",105,310,0,375,2,131,8,0,0,4,3,5,15,6,169,5,14,32,5,5,0,1,614,"0"
"107",106,592,1,411,1,120,10,0,0,4,1,5,9,7,351,2,14,19,15,8,0,1,66,"0"
"108",107,592,1,411,1,120,10,0,0,4,1,5,9,7,680,1,0,19,15,8,0,1,66,"1"
"109",108,491,1,370,0,41,14,2,4,1,3,5,15,7,861,1,14,81,16,5,0,1,217,"0"
"110",109,262,0,358,1,38,8,2,4,4,1,5,13,7,204,1,14,214,8,6,0,1,534,"0"
"111",110,144,2,363,0,77,14,0,0,1,4,3,9,7,257,1,14,233,0,6,0,1,79,"1"
"112",111,412,1,377,1,93,8,0,0,4,4,5,9,7,205,5,14,52,15,8,0,1,397,"0"
"113",112,93,2,382,1,30,14,0,0,4,4,5,1,7,309,1,14,19,7,7,0,1,168,"0"
"114",113,262,0,358,1,38,8,2,4,4,1,5,13,6,165,2,14,19,2,6,0,1,534,"0"
"115",114,68,2,359,2,2,14,2,4,1,0,5,4,7,399,0,14,26,8,9,0,1,243,"2"
"116",115,298,0,350,2,117,8,0,0,4,1,5,14,3,152,5,14,63,8,6,0,1,616,"0"
"117",116,90,2,361,1,34,14,0,0,4,1,5,9,7,274,1,14,199,15,7,0,1,223,"1"
"118",117,68,2,359,2,2,14,2,4,1,0,5,4,7,795,2,14,220,16,6,0,1,243,"0"
"119",118,128,2,366,1,126,14,0,0,4,4,5,15,6,627,5,14,19,6,5,0,1,221,"0"
"120",119,0,2,373,2,111,14,1,0,4,1,5,7,7,308,2,0,198,8,5,0,1,326,"1"
"121",120,92,2,381,1,100,14,0,0,4,1,5,13,7,753,5,14,89,8,7,0,1,144,"0"
"122",121,437,1,352,1,121,14,0,0,4,1,5,9,7,432,2,14,198,15,8,0,1,191,"0"
"123",122,437,1,352,1,121,14,0,0,4,1,5,9,7,777,1,14,196,15,8,0,1,191,"0"
"124",123,173,2,360,1,127,14,0,0,4,4,5,4,7,58,1,14,25,0,9,0,1,330,"2"
"125",124,437,1,352,1,121,14,0,0,4,1,5,9,7,557,2,14,207,15,8,0,1,191,"0"
"126",125,218,3,420,2,68,16,1,0,4,3,5,15,7,583,2,10,136,0,5,0,1,37,"2"
"127",126,412,1,377,1,93,8,0,0,4,4,5,9,7,203,5,14,19,18,8,0,1,397,"1"
"128",127,174,2,374,0,109,14,0,0,4,4,5,4,7,868,1,14,51,8,9,0,1,328,"0"
"129",128,93,2,382,1,30,14,0,0,4,4,5,1,7,536,2,20,35,8,5,0,1,168,"0"
"130",129,117,2,364,1,127,14,0,0,4,2,5,13,7,573,5,17,60,8,8,0,1,284,"0"
"131",130,436,1,346,1,50,14,2,4,4,4,5,15,7,585,1,14,207,0,5,0,1,271,"0"
"132",131,491,1,370,0,41,14,2,4,1,3,5,15,7,894,5,14,25,8,8,0,1,217,"0"
"133",132,117,2,364,1,127,14,0,0,4,2,5,13,6,158,5,14,186,8,8,0,1,284,"0"
"134",133,51,2,351,1,50,14,0,0,4,4,5,4,7,216,1,14,19,8,8,0,1,206,"0"
"135",134,383,1,549,1,38,8,0,0,4,4,5,9,7,566,1,15,189,15,8,0,1,618,"2"
"136",135,257,0,505,1,124,8,0,0,4,4,5,4,7,571,1,14,185,5,6,0,1,479,"1"
"137",136,562,1,319,2,52,10,0,0,4,1,5,15,7,468,1,14,174,8,5,0,1,52,"0"
"138",137,562,1,319,2,52,10,0,0,4,1,5,15,6,364,2,14,25,0,5,0,1,52,"0"
"139",138,309,0,334,1,38,8,0,0,1,1,5,7,7,197,5,14,169,8,7,0,1,612,"1"
"140",139,390,1,609,2,103,8,2,4,4,4,5,15,7,296,1,22,152,8,6,0,1,571,"0"
"141",140,322,0,587,1,38,8,0,0,4,1,5,15,6,143,1,14,13,5,7,0,1,526,"0"
"142",141,533,1,610,1,18,4,0,4,4,3,5,15,6,862,1,14,19,0,8,0,1,49,"0"
"143",142,390,1,609,2,103,8,2,4,4,4,5,15,7,382,2,13,92,5,6,0,1,571,"0"
"144",143,389,1,585,1,76,8,0,0,5,4,5,15,7,764,2,0,145,18,7,0,1,586,"0"
"145",144,322,0,587,1,38,8,0,0,4,1,5,15,7,846,1,14,19,15,7,0,1,526,"0"
"146",145,76,2,602,2,23,14,0,0,4,4,5,9,7,236,2,14,116,15,8,0,1,308,"0"
"147",146,598,1,394,1,38,14,0,0,4,4,5,4,7,411,1,14,19,5,7,0,1,389,"0"
"148",147,623,1,372,0,109,14,0,0,4,4,5,9,7,163,2,21,217,18,8,0,1,365,"0"
"149",148,129,2,392,2,101,14,0,0,4,1,5,15,7,689,1,22,231,10,5,1,1,86,"0"
"150",149,526,1,337,1,18,5,0,0,4,4,5,13,7,453,2,20,212,8,5,0,1,8,"0"
"151",150,463,1,388,1,100,14,0,0,4,4,5,4,7,246,2,14,16,8,8,0,1,119,"0"
"152",151,527,1,369,1,18,2,0,0,4,4,5,13,6,44,5,6,97,8,5,0,1,13,"0"
"153",152,175,2,398,2,81,14,0,0,4,1,5,13,7,738,2,20,33,8,5,0,1,287,"0"
"154",153,263,0,393,1,93,8,0,0,4,4,5,7,7,117,2,14,19,15,6,0,1,520,"0"
"155",154,463,1,388,1,100,14,0,0,4,4,5,4,7,760,1,14,169,0,8,0,1,119,"0"
"156",155,105,2,389,1,121,14,0,0,5,4,5,15,6,535,1,14,207,8,8,0,1,154,"0"
"157",156,496,1,203,1,38,8,0,0,4,4,5,9,7,179,5,0,160,18,9,0,1,409,"0"
"158",157,527,1,369,1,18,2,0,0,4,4,5,13,7,218,5,20,212,18,5,0,1,13,"0"
"159",158,105,2,389,1,121,14,0,0,5,4,5,15,7,561,1,14,207,16,5,0,1,154,"0"
"160",159,320,0,391,0,42,8,0,0,4,4,5,9,7,341,5,14,51,6,5,0,1,525,"0"
"161",160,526,1,337,1,18,5,0,0,4,4,5,13,5,497,5,0,109,2,5,0,1,8,"0"
"162",161,598,1,394,1,38,14,0,0,4,4,5,4,7,717,1,14,161,8,7,0,1,389,"0"
"163",162,626,1,402,1,20,8,0,0,4,3,5,4,7,740,1,14,238,5,8,0,1,342,"2"
"164",163,284,0,195,2,66,8,0,0,4,1,5,13,7,829,5,21,207,15,5,0,1,403,"0"
"165",164,414,1,196,2,130,14,0,0,4,3,5,6,7,270,5,18,35,5,5,0,1,357,"0"
"166",165,79,2,150,1,121,14,2,4,3,1,5,9,7,15,2,20,204,18,7,0,1,199,"0"
"167",166,583,1,552,1,55,10,0,4,1,3,5,15,6,605,0,14,19,16,6,0,1,57,"0"
"168",167,240,0,504,2,129,8,0,0,4,5,5,13,7,796,5,14,55,16,5,0,1,387,"0"
"169",168,593,1,507,0,109,14,0,0,4,4,5,15,7,695,1,14,25,8,7,0,1,391,"0"
"170",169,9,2,512,2,25,14,0,0,4,4,5,15,2,579,1,14,192,8,6,0,1,249,"0"
"171",170,245,0,542,1,38,8,1,0,1,4,5,9,7,318,5,14,19,18,6,0,1,500,"1"
"172",171,583,1,552,1,55,10,0,4,1,3,5,15,6,499,0,14,190,8,6,0,1,57,"0"
"173",172,279,0,516,1,38,8,1,0,4,2,5,7,7,616,3,21,207,8,5,0,1,514,"0"
"174",173,450,1,511,2,22,8,0,0,4,1,5,9,7,773,2,14,62,18,6,0,1,488,"2"
"175",174,577,1,490,1,90,16,0,0,4,3,5,15,6,609,2,14,118,16,5,0,1,42,"0"
"176",175,177,2,485,2,89,14,0,0,4,4,5,13,7,537,3,14,62,15,6,0,1,355,"0"
"177",176,264,0,401,2,123,8,0,0,4,1,5,14,6,324,1,14,153,8,6,0,1,426,"0"
"178",177,177,2,485,2,89,14,0,0,4,4,5,13,7,828,5,15,93,15,6,0,1,355,"0"
"179",178,27,2,406,1,127,14,0,0,4,4,5,9,2,116,2,0,160,8,9,0,0,278,"0"
"180",179,176,2,486,2,113,14,0,0,4,1,5,9,9,752,5,14,207,8,5,0,1,306,"0"
"181",180,35,2,403,2,26,14,1,0,4,3,5,15,7,1,2,14,19,8,5,0,1,158,"0"
"182",181,471,1,407,1,50,14,0,0,4,4,5,15,6,302,1,14,239,5,8,0,1,294,"0"
"183",182,27,2,406,1,127,14,0,0,4,4,5,9,7,619,2,14,98,18,9,0,1,278,"2"
"184",183,36,2,408,2,114,14,1,0,4,1,5,14,7,10,5,14,119,6,5,0,1,263,"0"
"185",184,386,1,426,2,131,8,0,0,4,3,5,7,7,159,2,0,179,5,7,0,1,615,"0"
"186",185,577,1,490,1,90,16,0,0,4,3,5,15,7,224,2,10,142,8,5,0,1,42,"2"
"187",186,265,0,414,1,38,8,0,0,4,4,5,15,6,434,1,14,43,5,8,0,1,608,"1"
"188",187,277,0,405,0,73,8,0,0,4,4,5,15,7,810,0,14,207,8,10,0,1,562,"2"
"189",188,471,1,407,1,50,14,0,0,4,4,5,15,6,76,2,14,19,8,8,0,1,294,"0"
"190",189,386,1,426,2,131,8,0,0,4,3,5,7,6,393,5,20,35,6,7,0,1,615,"0"
"191",190,265,0,414,1,38,8,0,0,4,4,5,15,7,562,2,14,175,8,8,0,1,608,"1"
"192",191,176,2,486,2,113,14,0,0,4,1,5,9,7,663,3,20,33,15,5,0,1,306,"0"
"193",192,464,1,404,1,38,14,0,0,1,0,5,4,7,820,2,14,211,8,8,0,1,401,"0"
"194",193,277,0,405,0,73,8,0,0,4,4,5,15,7,369,0,14,207,8,10,0,1,562,"2"
"195",194,9,2,512,2,25,14,0,0,4,4,5,15,7,613,1,14,196,8,6,0,1,249,"0"
"196",195,95,2,509,1,121,14,0,0,4,4,5,9,7,727,2,14,19,16,7,0,1,200,"0"
"197",196,296,0,559,1,104,8,0,0,4,4,5,9,11,580,5,14,143,15,6,0,1,456,"0"
"198",197,528,1,502,0,77,14,0,0,4,4,5,1,6,887,1,22,152,5,8,0,1,78,"2"
"199",198,575,1,207,1,121,14,2,4,5,1,5,9,7,0,2,14,207,15,8,0,1,163,"0"
"200",199,165,2,149,2,125,14,2,4,5,1,5,9,7,258,1,14,19,15,8,0,1,353,"0"
"201",200,510,1,201,2,107,8,0,0,1,1,5,15,6,691,1,14,53,0,7,0,1,506,"0"
"202",201,331,0,205,2,22,8,2,4,4,4,5,7,7,198,2,14,19,18,5,0,1,487,"0"
"203",202,510,1,201,2,107,8,0,0,1,1,5,15,7,640,5,14,25,8,7,0,1,506,"1"
"204",203,472,1,197,1,50,14,1,0,4,4,5,15,7,40,1,14,51,5,8,0,1,312,"2"
"205",204,485,1,148,2,118,14,2,4,4,4,5,0,7,729,1,14,15,5,7,0,1,92,"0"
"206",205,165,2,149,2,125,14,2,4,5,1,5,9,7,788,1,14,21,8,8,0,1,353,"0"
"207",206,330,0,208,2,40,8,0,0,4,1,5,15,6,185,1,14,19,5,5,0,1,481,"2"
"208",207,331,0,205,2,22,8,2,4,4,4,5,7,9,200,2,14,134,15,5,0,1,487,"1"
"209",208,505,1,206,1,93,8,2,4,4,1,5,13,7,690,5,14,240,4,7,0,1,521,"0"
"210",209,100,2,151,1,50,14,0,0,4,1,5,9,7,24,2,14,198,15,7,0,1,275,"0"
"211",210,544,1,601,1,18,1,0,0,4,1,5,13,6,223,2,8,215,8,7,0,1,21,"0"
"212",211,447,1,102,0,23,14,1,0,4,1,5,15,7,621,1,0,8,8,8,0,1,338,"0"
"213",212,544,1,601,1,18,1,0,0,4,1,5,13,7,133,2,20,129,18,7,0,1,21,"0"
"214",213,7,2,492,1,100,14,0,0,4,4,5,7,6,856,5,14,15,5,6,0,1,209,"0"
"215",214,299,0,508,1,104,8,0,0,4,4,5,9,7,395,5,14,197,16,7,0,1,452,"0"
"216",215,332,0,152,0,42,8,0,4,4,4,5,14,6,281,3,0,169,6,5,0,1,568,"0"
"217",216,1,2,499,1,50,14,0,0,4,4,5,15,7,188,1,14,19,5,7,0,1,624,"0"
"218",217,541,1,383,1,48,0,0,0,1,1,4,14,5,52,1,1,43,8,7,0,1,619,"0"
"219",218,179,2,500,1,127,14,0,0,4,1,5,9,7,84,3,14,185,15,6,0,1,251,"2"
"220",219,411,1,494,1,84,14,2,4,3,4,5,4,7,172,1,13,207,5,9,0,1,282,"0"
"221",220,178,2,495,2,134,14,2,4,4,3,5,15,7,12,1,14,146,5,7,0,1,266,"2"
"222",221,1,2,499,1,50,14,0,0,4,4,5,15,7,238,1,14,13,8,7,0,1,624,"2"
"223",222,178,2,495,2,134,14,2,4,4,3,5,15,7,160,1,14,114,8,7,0,1,266,"2"
"224",223,411,1,494,1,84,14,2,4,3,4,5,4,7,814,5,14,207,8,9,0,1,282,"0"
"225",224,179,2,500,1,127,14,0,0,4,1,5,9,7,731,3,14,162,15,6,0,1,251,"0"
"226",225,454,1,200,1,44,8,0,0,4,1,5,9,7,757,3,14,99,0,9,0,1,408,"1"
"227",226,571,1,32,1,124,8,0,0,1,4,5,13,7,513,5,14,42,5,7,0,1,466,"1"
"228",227,10,2,528,1,84,14,2,4,4,4,5,9,6,567,1,14,43,8,10,0,1,296,"0"
"229",228,10,2,528,1,84,14,2,4,4,4,5,9,7,673,2,14,124,18,10,0,1,296,"0"
"230",229,159,2,527,2,70,14,0,0,4,1,5,9,7,888,2,0,169,15,6,0,1,173,"2"
"231",230,368,1,510,1,6,2,0,0,4,1,5,13,7,264,5,22,147,8,5,0,1,9,"0"
"232",231,10,2,528,1,84,14,2,4,4,4,5,9,7,31,1,14,90,18,10,0,1,296,"0"
"233",232,387,1,525,1,38,8,1,0,4,1,5,9,7,194,2,15,54,6,6,0,1,524,"0"
"234",233,423,1,557,1,50,14,0,0,4,4,5,4,7,495,1,14,55,8,7,0,1,320,"1"
"235",234,498,1,551,2,85,8,2,4,4,4,5,7,7,19,1,14,99,14,6,0,1,559,"0"
"236",235,70,2,432,1,100,14,0,0,4,4,5,15,7,800,1,14,172,16,8,0,1,122,"1"
"237",236,278,0,430,1,38,8,0,0,4,4,5,9,7,426,2,14,19,4,8,0,1,594,"0"
"238",237,225,3,435,1,88,16,0,0,4,1,5,9,7,694,1,14,207,18,5,0,1,27,"2"
"239",238,161,2,109,1,100,14,0,0,0,4,5,9,7,641,2,0,169,15,6,0,1,210,"0"
"240",239,94,2,438,1,121,14,0,0,4,1,5,9,7,33,2,14,207,15,7,0,1,180,"1"
"241",240,161,2,109,1,100,14,0,0,0,4,5,9,7,506,2,14,19,15,6,0,1,210,"1"
"242",241,301,0,106,2,82,8,1,0,4,4,5,15,7,304,1,14,55,8,5,0,1,489,"1"
"243",242,154,2,427,1,121,14,2,4,4,1,5,15,6,25,0,14,5,5,7,0,1,203,"1"
"244",243,255,0,441,1,38,8,0,0,4,1,5,4,7,206,1,14,25,5,6,0,1,512,"0"
"245",244,254,0,496,1,38,8,2,4,4,1,5,8,7,99,2,14,13,8,7,0,1,595,"1"
"246",245,255,0,441,1,38,8,0,0,4,1,5,4,7,702,2,14,151,8,6,0,1,512,"1"
"247",246,225,3,435,1,88,16,0,0,4,1,5,9,7,555,2,14,231,18,5,0,1,27,"0"
"248",247,94,2,438,1,121,14,0,0,4,1,5,9,7,744,2,14,19,15,7,0,1,180,"1"
"249",248,326,0,491,1,44,8,0,0,4,4,2,9,9,458,1,0,207,8,10,0,1,410,"0"
"250",249,326,0,491,1,44,8,0,0,4,4,5,9,7,144,5,20,33,18,10,0,1,410,"0"
"251",250,220,3,89,1,83,16,1,0,4,4,5,15,7,357,2,22,91,5,7,0,1,23,"1"
"252",251,41,2,596,1,121,14,1,0,4,1,5,7,7,149,5,14,19,8,8,0,1,189,"0"
"253",252,578,1,57,1,84,14,0,0,4,1,5,9,6,703,1,14,215,8,10,0,1,307,"0"
"254",253,100,2,151,1,50,14,0,0,4,1,5,9,7,260,1,14,183,15,7,0,1,275,"0"
"255",254,472,1,197,1,50,14,1,0,4,4,5,15,7,348,2,11,35,8,8,0,1,312,"0"
"256",255,79,2,150,1,121,14,2,4,3,1,5,9,6,779,2,14,104,8,7,0,1,199,"0"
"257",256,414,1,196,2,130,14,0,0,4,3,5,6,7,643,5,14,19,6,5,0,1,357,"0"
"258",257,330,0,208,2,40,8,0,0,4,1,5,15,7,231,2,14,19,8,5,0,1,481,"2"
"259",258,454,1,200,1,44,8,0,0,4,1,5,9,7,578,3,14,53,0,9,0,1,408,"0"
"260",259,485,1,148,2,118,14,2,4,4,4,5,0,7,462,2,14,15,8,7,0,1,92,"0"
"261",260,589,1,198,1,18,10,0,0,1,4,5,9,7,606,2,14,175,18,7,0,1,69,"0"
"262",261,534,1,190,2,125,14,0,0,1,4,5,4,7,586,1,14,161,8,7,0,1,333,"2"
"263",262,575,1,207,1,121,14,2,4,5,1,5,9,7,81,1,14,19,8,8,0,1,163,"0"
"264",263,100,2,151,1,50,14,0,0,4,1,5,9,7,75,2,14,19,15,7,0,1,275,"0"
"265",264,505,1,206,1,93,8,2,4,4,1,5,13,7,184,1,14,99,8,7,0,1,521,"0"
"266",265,331,0,205,2,22,8,2,4,4,4,5,7,7,438,5,22,207,18,5,0,1,487,"0"
"267",266,100,2,151,1,50,14,0,0,4,1,5,9,7,374,1,14,183,15,7,0,1,275,"0"
"268",267,80,2,218,1,121,14,2,4,2,1,5,15,7,128,1,14,190,8,7,0,1,190,"0"
"269",268,168,2,226,2,125,14,0,0,4,1,5,9,7,342,5,0,62,15,7,0,1,343,"0"
"270",269,168,2,226,2,125,14,0,0,4,1,5,9,7,359,1,14,123,8,7,0,1,343,"0"
"271",270,323,0,214,2,103,8,2,4,1,1,5,9,6,671,5,14,6,8,6,0,1,566,"0"
"272",271,167,2,221,1,127,14,0,0,4,4,1,9,2,551,5,14,26,8,9,0,1,276,"0"
"273",272,53,2,215,1,100,14,0,4,4,1,5,15,7,509,1,14,125,8,8,0,1,129,"1"
"274",273,64,2,224,2,23,14,0,0,4,4,5,7,6,692,2,14,19,13,5,0,1,318,"0"
"275",274,80,2,218,1,121,14,2,4,2,1,5,15,6,284,1,14,189,0,7,0,1,190,"0"
"276",275,53,2,215,1,100,14,0,4,4,1,5,15,6,326,5,14,128,16,5,0,1,129,"0"
"277",276,522,1,212,1,133,6,0,0,4,1,5,9,7,95,0,14,193,15,7,0,1,6,"0"
"278",277,237,0,213,0,78,8,1,0,4,4,5,4,7,675,1,14,45,5,9,0,1,423,"2"
"279",278,554,1,153,2,87,14,0,0,4,4,5,1,7,125,2,14,201,18,5,0,1,259,"0"
"280",279,237,0,213,0,78,8,1,0,4,4,5,4,7,514,1,14,206,8,9,0,1,423,"0"
"281",280,606,1,225,1,24,14,0,0,4,4,5,7,7,6,5,14,224,15,6,0,1,224,"0"
"282",281,53,2,215,1,100,14,0,4,4,1,5,15,7,285,1,14,43,8,8,0,1,129,"1"
"283",282,523,1,302,1,121,14,2,4,4,1,5,14,7,222,2,14,185,8,8,0,1,195,"0"
"284",283,106,2,446,1,38,14,0,0,4,4,5,4,6,873,0,14,19,5,7,0,1,393,"2"
"285",284,182,2,468,1,84,14,0,0,4,3,5,15,7,440,1,14,19,8,10,0,1,267,"2"
"286",285,37,2,451,1,127,14,1,0,4,4,5,13,7,496,5,20,33,18,8,0,1,285,"0"
"287",286,130,2,452,1,24,14,0,0,3,4,5,15,7,109,1,14,167,8,6,0,1,225,"1"
"288",287,522,1,212,1,133,6,0,0,4,1,5,9,7,670,5,14,207,15,7,0,1,6,"1"
"289",288,256,0,461,2,56,8,0,0,4,4,5,9,7,325,5,14,62,15,5,0,1,570,"0"
"290",289,28,2,455,1,50,14,0,0,4,4,5,15,7,136,5,20,171,5,7,0,1,324,"0"
"291",290,29,2,459,1,50,14,0,0,4,4,5,9,7,527,5,14,81,15,7,0,1,339,"2"
"292",291,180,2,442,1,126,14,0,0,4,4,5,4,7,229,1,14,235,8,5,0,1,239,"0"
"293",292,180,2,442,1,126,14,0,0,4,4,5,4,6,553,1,14,166,5,5,0,1,239,"0"
"294",293,59,2,472,2,101,14,0,0,4,1,5,7,6,100,2,14,19,1,6,0,1,88,"0"
"295",294,37,2,451,1,127,14,1,0,4,4,5,13,7,88,5,14,231,2,8,0,1,285,"0"
"296",295,130,2,452,1,24,14,0,0,3,4,5,15,9,406,1,14,17,0,6,0,1,225,"0"
"297",296,321,0,456,1,73,8,0,0,4,1,5,14,7,345,1,10,142,8,10,0,1,593,"0"
"298",297,118,2,454,0,20,14,0,0,4,3,5,15,6,398,0,0,207,5,8,0,1,297,"0"
"299",298,548,1,453,0,78,8,0,0,1,4,5,15,6,297,1,14,30,5,7,0,1,352,"0"
"300",299,313,0,217,1,38,8,1,4,4,1,5,14,7,219,5,14,53,8,6,0,1,492,"0"
"301",300,363,1,440,1,38,14,0,0,4,4,5,15,7,522,1,5,207,8,8,0,1,395,"0"
"302",301,118,2,454,0,20,14,0,0,4,3,5,15,7,230,1,13,73,8,8,0,1,297,"0"
"303",302,599,1,448,0,95,14,0,0,4,1,5,11,7,799,2,14,207,8,7,0,1,388,"0"
"304",303,462,1,469,1,18,3,2,4,4,3,5,15,7,636,1,14,164,8,6,0,1,30,"0"
"305",304,219,3,437,1,83,16,0,0,4,4,5,1,7,210,5,14,198,5,7,0,1,40,"1"
"306",305,59,2,472,2,101,14,0,0,4,1,5,7,7,554,1,14,19,8,6,0,1,88,"0"
"307",306,563,1,447,1,44,8,0,0,4,4,0,4,7,272,0,14,156,5,10,0,1,405,"0"
"308",307,182,2,468,1,84,14,0,0,4,3,5,15,6,346,1,14,25,6,10,0,1,267,"1"
"309",308,181,2,462,1,121,14,0,0,4,4,5,4,7,193,1,14,165,0,7,0,1,157,"0"
"310",309,256,0,461,2,56,8,0,0,4,4,5,9,7,18,5,14,62,15,5,0,1,570,"1"
"311",310,465,1,464,1,38,14,0,0,4,1,5,9,7,597,5,14,138,18,8,0,1,378,"1"
"312",311,465,1,464,1,38,14,0,0,4,1,5,9,6,37,5,14,19,16,8,0,1,378,"0"
"313",312,599,1,448,0,95,14,0,0,4,1,5,11,7,518,2,14,19,5,7,0,1,388,"0"
"314",313,446,1,450,1,38,14,0,0,4,1,5,10,7,452,1,14,62,8,7,0,1,370,"0"
"315",314,499,1,443,1,121,14,0,0,2,4,5,15,7,474,2,17,48,8,7,0,1,196,"0"
"316",315,266,0,428,1,16,8,2,4,4,1,5,15,7,505,5,14,19,8,7,0,1,491,"0"
"317",316,256,0,461,2,56,8,0,0,4,4,5,9,7,2,5,14,228,15,5,0,1,570,"0"
"318",317,563,1,447,1,44,8,0,0,4,4,5,4,7,598,0,14,19,8,10,0,1,405,"1"
"319",318,430,1,471,1,36,13,0,0,4,1,5,14,7,708,1,14,50,8,6,0,1,455,"1"
"320",319,446,1,450,1,38,14,0,0,4,1,5,10,7,352,2,14,125,6,7,0,1,370,"0"
"321",320,498,1,551,2,85,8,2,4,4,4,5,7,7,253,5,15,201,18,6,0,1,559,"0"
"322",321,423,1,557,1,50,14,0,0,4,4,5,4,7,315,2,15,94,18,7,0,1,320,"0"
"323",322,31,2,520,2,125,14,0,0,4,4,5,9,7,104,1,0,175,8,8,0,1,335,"0"
"324",323,31,2,520,2,125,14,0,0,4,4,5,9,7,151,1,14,19,15,8,0,1,335,"0"
"325",324,388,1,558,1,93,8,1,0,4,4,5,14,7,137,3,14,43,5,8,0,1,428,"0"
"326",325,387,1,525,1,38,8,1,0,4,1,5,9,7,275,2,14,38,15,6,0,1,524,"0"
"327",326,423,1,557,1,50,14,0,0,4,4,5,4,7,550,1,14,51,7,7,0,1,320,"1"
"328",327,157,2,384,2,98,14,2,4,4,1,5,13,6,486,5,14,19,0,5,0,1,213,"0"
"329",328,518,1,526,1,38,8,2,4,1,1,5,4,7,350,2,14,216,8,7,0,1,545,"1"
"330",329,601,1,169,0,78,8,2,4,1,1,5,15,7,32,1,14,19,8,9,0,1,356,"0"
"331",330,272,0,228,1,16,8,0,0,3,4,5,9,7,483,2,14,80,15,7,0,1,540,"0"
"332",331,272,0,228,1,16,8,0,0,3,4,5,9,6,292,1,14,84,15,7,0,1,540,"0"
"333",332,158,2,386,1,100,14,0,4,4,1,5,9,7,68,1,14,25,0,7,0,1,213,"0"
"334",333,550,1,338,1,38,8,0,0,4,1,5,15,7,790,1,14,90,8,6,0,1,530,"0"
"335",334,452,1,39,2,92,8,0,0,4,1,5,12,7,148,5,20,35,15,6,0,1,482,"0"
"336",335,426,1,37,1,124,8,1,0,4,3,5,15,7,328,1,14,98,8,6,0,1,469,"1"
"337",336,98,2,45,1,50,14,0,0,4,4,5,13,4,375,2,14,19,2,7,0,1,313,"0"
"338",337,85,2,34,1,127,14,0,0,4,4,5,9,7,312,2,14,159,15,6,0,1,257,"0"
"339",338,86,2,44,2,0,14,0,0,4,3,5,15,6,818,1,14,237,5,5,0,1,268,"0"
"340",339,85,2,34,1,127,14,0,0,4,4,5,9,7,340,1,14,62,15,6,0,1,257,"0"
"341",340,475,1,108,1,18,2,0,0,4,1,5,13,7,897,3,20,35,18,6,0,1,15,"0"
"342",341,77,2,47,2,45,14,2,4,4,4,5,7,6,669,3,14,29,16,2,0,1,303,"0"
"343",342,439,1,107,2,51,14,1,0,4,1,5,9,7,737,5,14,19,1,5,0,1,216,"0"
"344",343,97,2,36,1,121,14,0,0,4,4,5,8,7,632,1,14,43,5,7,0,1,192,"0"
"345",344,60,2,42,1,100,14,0,0,4,4,5,15,7,589,1,0,173,8,8,0,1,148,"1"
"346",345,391,1,41,1,93,8,0,0,4,1,5,9,7,822,2,14,43,15,7,0,1,523,"0"
"347",346,60,2,42,1,100,14,0,0,4,4,5,15,5,300,0,0,62,5,8,0,1,148,"1"
"348",347,466,1,535,1,38,14,0,0,4,4,5,13,6,736,5,20,35,18,8,0,1,402,"0"
"349",348,503,1,560,0,109,14,0,0,4,4,5,9,7,121,2,0,198,18,8,0,1,377,"0"
"350",349,73,2,531,1,50,14,2,4,4,1,5,13,7,421,2,14,33,8,7,0,1,260,"0"
"351",350,261,0,532,1,38,8,0,0,4,1,5,15,7,713,1,14,169,17,1,0,1,504,"0"
"352",351,483,1,530,1,100,14,1,4,4,4,5,15,7,425,1,14,144,6,9,0,1,208,"0"
"353",352,372,1,534,1,57,11,0,0,4,1,5,9,6,82,2,0,18,8,6,0,1,622,"0"
"354",353,408,1,518,1,121,14,1,4,4,3,5,1,7,855,2,14,55,18,7,0,1,142,"0"
"355",354,408,1,518,1,121,14,1,4,4,3,5,1,6,762,2,14,157,5,7,0,1,142,"0"
"356",355,413,1,529,1,104,8,1,4,4,4,5,9,7,881,1,14,5,18,7,0,1,458,"0"
"357",356,408,1,518,1,121,14,1,4,4,3,5,1,7,850,1,14,55,8,7,0,1,142,"1"
"358",357,503,1,560,0,109,14,0,0,4,4,5,9,7,836,2,14,19,15,8,0,1,377,"0"
"359",358,600,1,523,2,62,14,0,0,4,1,5,4,7,316,2,20,33,8,5,0,1,310,"0"
"360",359,74,2,539,2,23,14,0,0,4,5,5,13,6,548,1,14,155,8,8,0,1,321,"1"
"361",360,74,2,539,2,23,14,0,0,4,5,5,13,7,672,1,14,207,8,8,0,1,321,"0"
"362",361,413,1,529,1,104,8,1,4,4,4,5,9,9,45,1,14,200,15,7,0,1,458,"0"
"363",362,424,1,536,2,116,14,0,0,4,1,5,14,7,293,2,17,122,8,7,0,1,107,"0"
"364",363,73,2,531,1,50,14,2,4,4,1,5,13,7,593,1,15,207,18,7,0,1,260,"0"
"365",364,466,1,535,1,38,14,0,0,4,4,5,13,6,706,5,8,215,0,8,0,1,402,"0"
"366",365,600,1,523,2,62,14,0,0,4,1,5,4,7,678,2,14,140,7,5,0,1,310,"0"
"367",366,372,1,534,1,57,11,0,0,4,1,5,9,7,893,2,22,224,18,6,0,1,622,"2"
"368",367,503,1,560,0,109,14,0,0,4,4,5,9,7,208,1,14,19,18,8,0,1,377,"1"
"369",368,221,3,38,1,83,16,0,0,4,4,5,13,7,843,2,0,169,8,7,0,1,35,"0"
"370",369,133,2,613,1,121,14,0,0,4,1,5,9,5,177,5,14,19,15,8,0,1,174,"0"
"371",370,52,2,543,2,94,14,0,0,4,4,5,7,6,279,3,14,5,5,5,0,1,362,"0"
"372",371,429,1,608,2,5,14,0,0,4,3,5,14,7,155,2,14,19,6,5,0,1,164,"0"
"373",372,132,2,612,1,100,14,0,0,4,4,5,9,7,455,5,14,13,18,5,0,1,102,"0"
"374",373,297,0,545,1,38,8,0,0,4,1,5,15,7,263,2,14,25,8,6,0,1,505,"0"
"375",374,119,2,607,1,50,14,0,0,4,4,5,15,6,543,0,14,51,5,8,0,1,341,"0"
"376",375,433,1,488,1,133,15,0,0,4,4,5,7,9,809,3,15,94,5,6,0,1,4,"0"
"377",376,119,2,607,1,50,14,0,0,4,4,5,15,7,808,0,14,43,8,8,0,1,341,"0"
"378",377,183,2,544,1,126,14,0,0,4,3,5,15,7,215,1,14,49,0,5,0,1,234,"0"
"379",378,184,2,618,1,84,14,0,0,4,1,5,9,7,71,5,20,35,18,10,0,1,299,"0"
"380",379,133,2,613,1,121,14,0,0,4,1,5,9,7,802,5,15,103,18,8,0,1,174,"0"
"381",380,183,2,544,1,126,14,0,0,4,3,5,15,7,77,2,14,144,8,5,0,1,234,"0"
"382",381,246,0,546,2,82,8,0,0,4,1,5,4,7,710,2,14,19,0,6,0,1,493,"1"
"383",382,529,1,540,1,18,1,0,0,4,1,5,13,7,327,5,20,212,18,5,0,1,22,"0"
"384",383,509,1,35,1,38,8,0,0,4,4,5,15,9,813,1,14,99,15,7,0,1,411,"1"
"385",384,241,0,100,2,9,8,0,0,1,1,1,7,7,665,1,0,75,8,5,0,1,502,"0"
"386",385,509,1,35,1,38,8,0,0,4,4,5,15,7,250,5,6,207,15,8,0,1,411,"0"
"387",386,391,1,41,1,93,8,0,0,4,1,5,9,7,874,1,22,91,2,7,0,1,523,"0"
"388",387,85,2,34,1,127,14,0,0,4,4,5,9,7,168,2,14,84,8,6,0,1,257,"0"
"389",388,475,1,108,1,18,2,0,0,4,1,5,13,7,87,5,5,224,8,6,0,1,15,"0"
"390",389,311,0,593,0,33,8,0,0,1,1,5,15,7,412,5,14,207,8,5,0,1,369,"0"
"391",390,426,1,37,1,124,8,1,0,4,3,5,15,11,443,1,14,25,0,6,0,1,469,"2"
"392",391,86,2,44,2,0,14,0,0,4,3,5,15,7,387,1,14,77,8,5,0,1,268,"0"
"393",392,302,0,110,0,78,8,1,0,3,1,5,9,7,481,1,0,70,18,9,0,1,363,"0"
"394",393,187,2,168,2,19,14,4,2,4,1,5,15,7,859,1,14,196,8,5,0,1,385,"0"
"395",394,43,2,154,2,122,14,0,0,1,3,5,15,7,4,5,2,55,5,5,0,1,194,"0"
"396",395,101,2,164,1,84,14,0,0,2,1,5,9,6,190,0,14,207,8,10,0,1,277,"0"
"397",396,101,2,164,1,84,14,0,0,2,1,5,9,7,748,0,14,19,8,10,0,1,277,"1"
"398",397,242,0,155,1,16,8,0,0,4,4,5,13,7,92,5,20,35,8,7,0,1,494,"0"
"399",398,61,2,163,0,77,14,0,0,4,4,5,15,7,367,1,14,19,5,8,0,1,77,"0"
"400",399,120,2,54,2,134,14,0,0,4,4,5,9,7,833,5,14,219,15,5,0,1,136,"0"
"401",400,375,1,623,2,105,7,0,0,4,3,5,15,7,217,2,14,43,8,5,0,1,2,"0"
"402",401,336,0,625,1,76,8,0,0,4,4,5,13,7,368,5,14,82,8,7,0,1,576,"0"
"403",402,75,2,614,2,86,14,0,0,4,1,5,7,6,654,3,8,213,1,5,0,1,133,"0"
"404",403,594,1,611,0,20,14,0,0,4,1,5,9,7,337,2,14,51,15,7,0,1,291,"0"
"405",404,594,1,611,0,20,14,0,0,4,1,5,9,6,130,1,14,51,15,7,0,1,291,"0"
"406",405,134,2,565,2,118,14,0,0,4,1,5,15,7,96,1,14,99,5,7,0,1,87,"0"
"407",406,293,0,616,1,38,8,0,0,1,4,1,15,7,334,1,14,51,8,7,0,1,560,"0"
"408",407,160,2,617,1,121,14,0,0,4,4,5,7,7,301,5,0,179,18,8,0,1,182,"0"
"409",408,530,1,606,1,72,10,0,0,4,3,5,4,6,718,2,15,93,5,5,0,1,56,"0"
"410",409,185,2,615,1,24,14,0,0,4,4,5,13,7,645,5,20,35,0,5,0,1,227,"0"
"411",410,258,0,622,1,93,8,0,0,4,4,5,15,7,786,1,15,94,5,8,0,1,427,"0"
"412",411,160,2,617,1,121,14,0,0,4,4,5,7,7,770,3,18,34,5,8,0,1,182,"0"
"413",412,327,0,624,1,38,8,0,0,4,1,5,9,7,54,2,20,33,15,6,0,1,510,"0"
"414",413,375,1,623,2,105,7,0,0,4,3,5,15,7,427,2,14,41,8,5,0,1,2,"0"
"415",414,84,2,570,1,127,14,0,0,4,4,5,9,7,577,2,14,219,15,8,0,1,290,"0"
"416",415,84,2,570,1,127,14,0,0,4,4,5,9,7,650,2,14,219,18,8,0,1,290,"1"
"417",416,258,0,622,1,93,8,0,0,4,4,5,15,7,594,1,15,93,8,8,0,1,427,"0"
"418",417,607,1,296,1,84,14,2,4,2,1,5,14,7,783,1,14,43,8,10,0,1,309,"0"
"419",418,549,1,627,2,123,8,0,0,4,1,5,11,7,225,1,14,232,8,5,0,1,437,"0"
"420",419,134,2,565,2,118,14,0,0,4,1,5,15,7,91,1,14,19,8,7,0,1,87,"1"
"421",420,530,1,606,1,72,10,0,0,4,3,5,4,7,268,2,0,235,8,5,0,1,56,"0"
"422",421,484,1,60,0,77,14,2,4,4,4,5,9,7,653,5,14,190,8,9,0,1,82,"0"
"423",422,69,2,55,2,96,14,0,0,1,0,5,4,7,73,0,14,133,8,8,0,1,336,"1"
"424",423,484,1,60,0,77,14,2,4,4,4,5,9,7,69,5,0,193,6,9,0,1,82,"0"
"425",424,476,1,50,1,18,2,0,0,4,1,5,4,7,401,1,14,185,8,7,0,1,26,"0"
"426",425,69,2,55,2,96,14,0,0,1,0,5,4,6,404,1,14,179,8,7,0,1,336,"1"
"427",426,467,1,49,1,100,14,0,0,4,4,5,2,6,339,5,14,198,6,8,0,1,94,"0"
"428",427,162,2,52,1,50,14,0,0,1,4,5,15,7,658,5,14,96,16,5,0,1,254,"0"
"429",428,78,2,62,1,100,14,0,0,4,1,5,9,7,655,2,12,33,18,8,0,1,97,"0"
"430",429,78,2,62,1,100,14,0,0,4,1,5,9,6,240,5,14,141,16,8,0,1,97,"0"
"431",430,120,2,54,2,134,14,0,0,4,4,5,9,7,287,2,14,107,15,5,0,1,136,"0"
"432",431,484,1,60,0,77,14,2,4,4,4,5,9,7,885,5,14,19,18,9,0,1,82,"0"
"433",432,476,1,50,1,18,2,0,0,4,1,5,4,7,485,2,14,13,5,7,0,1,26,"0"
"434",433,162,2,52,1,50,14,0,0,1,4,5,15,7,560,1,0,13,8,5,0,1,254,"0"
"435",434,162,2,52,1,50,14,0,0,1,4,5,15,7,541,1,14,13,8,6,0,1,254,"0"
"436",435,242,0,155,1,16,8,0,0,4,4,5,13,7,490,5,18,35,6,7,0,1,494,"0"
"437",436,121,2,161,2,27,14,2,4,4,1,5,14,6,400,1,14,19,5,5,0,1,373,"0"
"438",437,479,1,165,1,127,14,2,4,1,1,5,9,6,445,1,7,203,15,6,0,1,248,"0"
"439",438,479,1,165,1,127,14,2,4,1,1,5,9,7,488,2,15,54,18,6,0,1,248,"0"
"440",439,109,2,157,2,70,14,2,4,4,0,5,9,7,331,1,14,19,15,5,0,1,212,"0"
"441",440,96,2,573,1,100,14,1,0,4,1,5,9,7,725,2,14,127,15,8,0,1,96,"0"
"442",441,531,1,621,0,77,14,0,0,4,2,5,9,7,803,2,14,98,15,7,0,1,73,"0"
"443",442,364,1,579,1,100,14,0,0,4,1,5,4,7,755,1,14,3,5,7,0,1,162,"0"
"444",443,233,0,571,2,66,8,1,0,4,1,5,6,7,129,2,16,48,18,5,0,1,406,"0"
"445",444,531,1,621,0,77,14,0,0,4,2,5,9,7,85,5,0,172,15,7,0,1,73,"2"
"446",445,61,2,163,0,77,14,0,0,4,4,5,15,5,413,1,14,207,0,8,0,1,77,"0"
"447",446,531,1,621,0,77,14,0,0,4,2,5,9,6,823,1,14,51,8,7,0,1,73,"0"
"448",447,515,1,566,1,10,12,0,0,1,1,5,14,7,700,1,14,207,8,5,0,1,11,"0"
"449",448,40,2,578,1,121,14,1,0,4,4,5,15,7,16,2,14,154,6,8,0,1,198,"0"
"450",449,300,0,575,2,103,8,0,0,4,4,5,4,7,556,1,14,51,8,6,0,1,561,"2"
"451",450,364,1,579,1,100,14,0,0,4,1,5,4,7,876,1,0,198,8,7,0,1,162,"0"
"452",451,40,2,578,1,121,14,1,0,4,4,5,15,7,766,1,14,43,8,8,0,1,198,"0"
"453",452,96,2,573,1,100,14,1,0,4,1,5,9,7,361,2,14,207,15,8,0,1,96,"0"
"454",453,228,3,568,1,83,16,0,0,4,4,5,9,7,105,5,14,24,15,7,0,1,32,"1"
"455",454,109,2,157,2,70,14,2,4,4,0,5,9,7,631,5,14,207,15,5,0,1,212,"0"
"456",455,546,1,162,2,32,10,1,4,4,3,5,7,6,867,5,5,224,1,5,0,1,54,"0"
"457",456,109,2,157,2,70,14,2,4,4,0,5,9,7,701,5,14,207,18,5,0,1,212,"0"
"458",457,187,2,168,2,19,14,4,2,4,1,5,15,6,772,2,14,207,8,5,0,1,385,"0"
"459",458,18,2,385,1,100,14,2,4,4,4,5,9,7,251,1,14,19,15,8,0,1,238,"0"
"460",459,18,2,385,1,100,14,2,4,4,4,5,9,7,476,2,0,207,15,8,0,1,238,"0"
"461",460,170,2,378,1,127,14,0,0,4,1,5,12,7,835,2,0,116,8,9,0,1,273,"0"
"462",461,158,2,386,1,100,14,0,4,4,1,5,9,6,448,1,14,62,0,7,0,1,213,"0"
"463",462,103,2,380,1,121,14,0,0,4,4,5,7,6,733,3,14,207,15,8,0,1,149,"0"
"464",463,156,2,379,1,127,14,1,4,5,4,5,6,7,517,1,14,44,0,6,0,1,101,"0"
"465",464,170,2,378,1,127,14,0,0,4,1,5,12,1,858,1,14,71,6,9,0,1,273,"0"
"466",465,229,3,390,1,88,16,0,0,4,1,5,9,7,834,2,14,121,18,5,0,1,36,"0"
"467",466,156,2,379,1,127,14,1,4,5,4,5,6,6,360,1,14,81,0,6,0,1,101,"0"
"468",467,200,2,247,2,81,14,2,4,2,1,5,11,6,839,3,17,90,5,5,0,1,269,"0"
"469",468,460,1,231,1,124,8,0,0,4,4,5,8,7,489,1,14,210,5,7,0,1,474,"0"
"470",469,112,2,237,1,100,14,0,0,4,4,5,12,7,180,1,14,19,8,7,0,1,103,"0"
"471",470,39,2,519,2,14,14,0,0,1,4,5,9,7,120,5,14,19,6,5,0,1,89,"0"
"472",471,451,1,581,2,35,8,0,0,4,3,5,15,6,484,2,14,116,5,5,0,1,517,"0"
"473",472,365,1,583,2,53,14,0,0,4,5,5,15,7,444,1,14,19,8,6,0,1,382,"0"
"474",473,519,1,589,1,76,8,0,0,1,4,5,4,7,243,1,14,98,8,7,0,1,588,"1"
"475",474,188,2,244,1,50,14,1,0,1,1,5,9,5,624,5,0,90,8,7,0,1,283,"0"
"476",475,11,2,597,1,121,14,0,0,4,4,5,7,7,449,1,14,15,18,6,0,1,153,"0"
"477",476,11,2,597,1,121,14,0,0,4,4,5,7,6,298,2,14,51,5,6,0,1,153,"0"
"478",477,268,0,569,1,38,8,1,0,4,1,5,15,6,14,1,14,30,5,6,0,1,539,"0"
"479",478,365,1,583,2,53,14,0,0,4,5,5,15,7,871,2,14,3,16,6,0,1,382,"0"
"480",479,11,2,597,1,121,14,0,0,4,4,5,7,7,526,1,14,168,8,6,0,1,153,"0"
"481",480,268,0,569,1,38,8,1,0,4,1,5,15,7,869,2,14,207,8,6,0,1,539,"1"
"482",481,474,1,577,1,18,1,0,0,4,1,5,13,7,479,3,20,35,18,7,0,1,18,"0"
"483",482,451,1,581,2,35,8,0,0,4,3,5,15,7,901,1,14,43,8,5,0,1,517,"0"
"484",483,584,1,588,1,55,9,0,0,1,1,0,14,2,644,2,14,57,8,5,0,1,64,"0"
"485",484,135,2,595,2,134,14,0,0,4,1,5,15,7,344,1,14,2,8,8,0,1,626,"1"
"486",485,11,2,597,1,121,14,0,0,4,4,5,7,7,797,2,14,15,8,6,0,1,153,"0"
"487",486,135,2,595,2,134,14,0,0,4,1,5,15,7,410,1,14,160,5,8,0,1,626,"0"
"488",487,474,1,577,1,18,1,0,0,4,1,5,13,7,353,5,22,130,8,7,0,1,18,"0"
"489",488,519,1,589,1,76,8,0,0,1,4,5,4,7,896,2,14,51,5,7,0,1,588,"0"
"490",489,108,2,592,2,8,14,0,0,4,1,5,4,6,349,0,14,5,5,5,0,1,222,"0"
"491",490,448,1,233,0,109,14,0,0,4,4,5,1,7,442,1,14,26,5,8,0,1,374,"2"
"492",491,442,1,234,2,108,14,0,0,4,4,5,15,7,600,2,14,169,18,7,0,1,113,"1"
"493",492,419,1,232,1,44,8,0,0,1,4,5,9,7,471,5,14,116,18,10,0,1,407,"0"
"494",493,415,1,229,1,38,14,1,0,4,4,5,7,7,101,2,14,15,2,9,0,1,351,"0"
"495",494,282,0,73,2,85,8,0,0,4,4,5,15,7,212,1,14,127,8,6,0,1,564,"2"
"496",495,373,1,56,1,18,3,0,0,4,3,5,15,7,722,5,14,154,16,5,0,1,31,"0"
"497",496,525,1,75,0,78,8,1,0,4,1,5,9,7,141,5,20,35,18,8,0,1,447,"0"
"498",497,453,1,53,1,38,8,0,0,4,2,5,9,7,793,2,14,105,15,6,0,1,528,"0"
"499",498,2,2,64,1,100,14,2,4,4,4,5,15,7,473,5,14,13,8,8,0,1,152,"0"
"500",499,2,2,64,1,100,14,2,4,4,4,5,15,7,463,2,16,19,5,5,0,1,152,"0"
"501",500,280,0,63,0,109,14,0,0,4,4,5,9,7,276,2,14,181,15,8,0,1,371,"2"
"502",501,442,1,234,2,108,14,0,0,4,4,5,15,6,778,2,13,74,6,7,0,1,113,"1"
"503",502,374,1,66,1,18,1,2,4,4,1,5,9,7,356,1,14,51,15,7,0,1,20,"0"
"504",503,373,1,56,1,18,3,0,0,4,3,5,15,7,730,5,14,7,15,6,0,1,31,"0"
"505",504,235,0,72,2,103,8,0,0,4,2,5,13,7,684,2,14,19,2,6,0,1,567,"0"
"506",505,146,2,92,1,121,14,2,4,1,4,5,4,7,501,1,14,5,8,8,0,1,156,"2"
"507",506,494,1,67,2,40,8,1,0,4,2,5,9,7,5,5,22,150,18,7,0,1,527,"0"
"508",507,227,3,81,1,83,16,0,0,4,4,5,6,6,202,5,14,25,5,6,0,1,38,"0"
"509",508,99,2,87,2,87,14,0,0,1,3,5,4,6,363,5,14,198,5,3,0,1,265,"0"
"510",509,373,1,56,1,18,3,0,0,4,3,5,15,7,70,1,14,86,8,6,0,1,31,"1"
"511",510,468,1,70,2,37,14,0,0,1,4,5,4,7,626,2,14,15,8,6,0,1,214,"0"
"512",511,370,1,65,1,16,8,2,4,4,4,5,15,7,164,1,14,43,8,7,0,1,554,"0"
"513",512,468,1,70,2,37,14,0,0,1,4,5,4,6,851,1,14,15,5,6,0,1,214,"0"
"514",513,227,3,81,1,83,16,0,0,4,4,5,6,6,261,5,14,51,6,7,0,1,38,"0"
"515",514,146,2,92,1,121,14,2,4,1,4,5,4,7,150,2,14,66,18,0,0,1,156,"0"
"516",515,146,2,92,1,121,14,2,4,1,4,5,4,7,97,1,14,96,5,4,0,1,156,"2"
"517",516,136,2,76,2,134,14,0,0,4,4,5,15,7,787,1,14,5,8,8,0,1,114,"2"
"518",517,517,1,85,1,57,11,0,0,4,1,5,15,7,569,1,14,26,8,8,0,1,621,"0"
"519",518,281,0,71,2,40,8,0,0,4,1,5,13,6,343,5,14,19,2,5,0,1,483,"0"
"520",519,259,0,77,1,38,8,0,0,1,4,5,9,7,480,1,22,231,0,8,0,1,412,"0"
"521",520,136,2,76,2,134,14,0,0,4,4,5,15,7,11,2,14,161,18,8,0,1,114,"0"
"522",521,538,1,620,1,93,8,0,0,4,4,5,4,7,394,0,14,39,8,7,0,1,449,"1"
"523",522,370,1,65,1,16,8,2,4,4,4,5,15,6,214,1,14,43,8,7,0,1,554,"0"
"524",523,282,0,73,2,85,8,0,0,4,4,5,15,9,826,1,14,224,8,6,0,1,564,"2"
"525",524,99,2,87,2,87,14,0,0,1,3,5,4,7,378,5,14,14,15,3,0,1,265,"1"
"526",525,235,0,72,2,103,8,0,0,4,2,5,13,7,450,2,14,13,15,6,0,1,567,"0"
"527",526,517,1,85,1,57,11,0,0,4,1,5,15,7,43,1,14,62,5,8,0,1,621,"0"
"528",527,374,1,66,1,18,1,2,4,4,1,5,9,7,512,5,14,116,18,7,0,1,20,"0"
"529",528,495,1,78,1,73,8,1,4,2,1,5,7,7,525,5,0,192,8,10,0,1,598,"0"
"530",529,281,0,71,2,40,8,0,0,4,1,5,13,7,119,2,10,136,8,5,0,1,483,"2"
"531",530,586,1,69,1,38,14,0,0,4,4,5,4,7,377,1,18,35,8,8,0,1,399,"0"
"532",531,477,1,86,2,39,5,0,0,1,1,5,13,7,728,3,3,207,8,5,0,1,10,"0"
"533",532,259,0,77,1,38,8,0,0,1,4,5,9,7,866,1,0,207,0,8,0,1,412,"1"
"534",533,586,1,69,1,38,14,0,0,4,4,5,4,6,132,0,14,138,0,8,0,1,399,"1"
"535",534,188,2,244,1,50,14,1,0,1,1,5,9,7,552,5,14,117,18,7,0,1,283,"0"
"536",535,199,2,240,1,38,14,0,0,4,4,5,4,7,456,5,18,33,18,5,0,1,359,"1"
"537",536,415,1,229,1,38,14,1,0,4,4,5,7,7,239,2,20,33,18,9,0,1,351,"0"
"538",537,63,2,181,1,84,14,0,0,4,4,5,9,5,335,1,0,207,15,9,0,1,289,"0"
"539",538,32,2,172,0,109,14,0,0,4,4,5,15,7,457,1,14,55,0,8,0,1,327,"1"
"540",539,138,2,174,2,134,14,0,0,4,4,5,9,7,507,1,14,101,15,8,0,1,117,"0"
"541",540,196,2,184,1,100,14,0,0,1,4,5,15,5,741,1,14,207,8,8,0,1,100,"0"
"542",541,520,1,158,1,76,8,2,4,1,4,5,15,7,774,1,14,230,8,7,0,1,582,"0"
"543",542,196,2,184,1,100,14,0,0,1,4,5,15,7,447,1,14,26,8,5,0,1,100,"1"
"544",543,188,2,244,1,50,14,1,0,1,1,5,9,7,213,2,14,191,18,7,0,1,283,"0"
"545",544,62,2,171,1,50,14,0,0,4,4,5,13,7,819,2,20,33,18,8,0,1,255,"0"
"546",545,520,1,158,1,76,8,2,4,1,4,5,15,7,674,2,14,158,8,7,0,1,582,"0"
"547",546,111,2,182,0,23,14,0,0,1,1,5,15,6,503,0,14,199,5,7,0,1,322,"0"
"548",547,543,1,433,2,8,14,1,0,4,3,5,15,6,603,2,0,116,16,5,0,1,220,"0"
"549",548,579,1,166,2,103,8,2,4,1,1,5,15,7,175,1,14,9,8,5,0,1,601,"1"
"550",549,312,0,133,1,93,8,0,0,4,4,5,4,7,681,1,14,207,8,8,0,1,432,"0"
"551",550,270,0,98,1,124,8,0,0,1,1,5,13,7,712,2,14,132,8,7,0,1,484,"0"
"552",551,269,0,84,0,78,8,0,0,4,3,5,13,7,23,1,14,25,8,9,0,1,392,"0"
"553",552,271,0,135,1,104,8,0,0,1,4,5,9,7,390,2,14,100,15,6,0,1,453,"1"
"554",553,303,0,61,1,38,8,2,4,4,1,5,9,6,564,5,0,207,0,6,0,1,553,"0"
"555",554,328,0,99,1,104,8,2,4,4,4,5,9,7,798,1,15,93,15,7,0,1,439,"2"
"556",555,393,1,94,0,82,8,2,4,4,1,5,9,7,333,2,0,158,15,5,0,1,529,"1"
"557",556,392,1,83,0,78,8,0,0,4,1,5,15,7,114,1,14,226,9,8,0,1,361,"0"
"558",557,271,0,135,1,104,8,0,0,1,4,5,9,7,776,2,14,211,18,6,0,1,453,"0"
"559",558,393,1,94,0,82,8,2,4,4,1,5,9,7,51,5,18,35,15,5,0,1,529,"0"
"560",559,328,0,99,1,104,8,2,4,4,4,5,9,6,192,1,8,2,15,7,0,1,439,"0"
"561",560,303,0,61,1,38,8,2,4,4,1,5,9,7,441,5,0,207,0,6,0,1,553,"0"
"562",561,186,2,141,1,100,14,0,0,4,4,5,9,7,273,5,14,135,18,8,0,1,138,"0"
"563",562,418,1,96,2,123,8,1,4,4,1,5,14,7,472,5,14,5,0,7,0,1,425,"0"
"564",563,186,2,141,1,100,14,0,0,4,4,5,9,7,262,5,14,88,18,8,0,1,138,"0"
"565",564,195,2,140,1,50,14,0,0,4,1,5,7,7,254,2,5,222,15,1,0,1,311,"0"
"566",565,511,1,79,2,134,14,0,0,4,4,5,15,7,170,1,17,25,7,7,0,1,111,"0"
"567",566,511,1,79,2,134,14,0,0,4,4,5,15,7,226,1,14,51,8,7,0,1,111,"0"
"568",567,271,0,135,1,104,8,0,0,1,4,5,9,3,852,1,14,207,15,6,0,1,453,"0"
"569",568,283,0,138,1,104,8,0,0,3,1,5,15,7,768,1,14,19,8,6,0,1,461,"0"
"570",569,163,2,97,1,38,14,0,4,1,4,5,4,7,201,1,0,169,8,7,0,1,360,"0"
"571",570,251,0,95,1,38,8,1,4,4,1,5,7,6,435,1,14,55,8,7,0,1,569,"0"
"572",571,394,1,137,1,124,8,1,0,4,1,5,9,7,61,5,17,202,15,7,0,1,480,"0"
"573",572,392,1,83,0,78,8,0,0,4,1,5,15,7,477,1,14,72,8,8,0,1,361,"0"
"574",573,312,0,133,1,93,8,0,0,4,4,5,4,6,542,1,14,25,5,8,0,1,432,"2"
"575",574,269,0,84,0,78,8,0,0,4,3,5,13,6,48,1,14,40,5,8,0,1,392,"0"
"576",575,164,2,113,2,60,14,0,0,4,1,5,7,7,396,2,22,188,8,5,0,1,140,"0"
"577",576,42,2,114,0,77,14,1,0,1,4,5,9,7,880,2,14,207,18,8,0,1,76,"0"
"578",577,394,1,137,1,124,8,1,0,4,1,5,9,7,582,5,14,81,15,7,0,1,480,"0"
"579",578,251,0,95,1,38,8,1,4,4,1,5,7,7,391,2,14,154,6,7,0,1,569,"0"
"580",579,42,2,114,0,77,14,1,0,1,4,5,9,7,290,5,14,19,18,8,0,1,76,"0"
"581",580,271,0,135,1,104,8,0,0,1,4,5,9,7,227,1,14,205,18,6,0,1,453,"0"
"582",581,42,2,114,0,77,14,1,0,1,4,5,9,7,131,1,14,55,15,8,0,1,76,"0"
"583",582,163,2,97,1,38,14,0,4,1,4,5,4,7,767,1,14,19,5,7,0,1,360,"0"
"584",583,63,2,181,1,84,14,0,0,4,4,5,9,7,98,1,14,19,18,9,0,1,289,"1"
"585",584,585,1,167,2,61,10,0,0,1,3,5,14,10,849,1,0,62,8,5,0,1,60,"0"
"586",585,26,2,235,1,121,14,0,0,1,0,5,15,7,414,1,14,55,8,8,0,1,184,"0"
"587",586,110,2,175,1,50,14,0,0,1,4,5,4,7,642,1,14,215,8,5,0,1,252,"0"
"588",587,166,2,177,2,34,14,0,0,1,3,5,7,6,588,5,14,43,5,5,0,1,280,"0"
"589",588,566,1,180,1,18,10,0,0,4,3,5,0,7,879,1,5,215,8,7,0,1,51,"0"
"590",589,32,2,172,0,109,14,0,0,4,4,5,15,7,890,1,14,185,8,8,0,1,327,"0"
"591",590,566,1,180,1,18,10,0,0,4,3,5,0,6,461,1,14,25,5,7,0,1,51,"0"
"592",591,12,2,170,1,100,14,0,0,1,1,5,7,7,791,2,14,15,18,8,0,1,226,"0"
"593",592,110,2,175,1,50,14,0,0,1,4,5,4,7,647,5,14,144,5,5,0,1,252,"0"
"594",593,565,1,173,1,18,1,0,0,4,4,5,13,7,608,2,20,35,18,7,0,1,14,"0"
"595",594,415,1,229,1,38,14,1,0,4,4,5,7,7,13,2,14,19,8,9,0,1,351,"0"
"596",595,223,3,210,1,90,16,2,4,1,4,5,15,7,508,5,14,26,8,2,0,1,16,"0"
"597",596,460,1,231,1,124,8,0,0,4,4,5,8,7,758,3,21,217,5,7,0,1,474,"0"
"598",597,199,2,240,1,38,14,0,0,4,4,5,4,5,66,1,14,19,5,7,0,1,359,"1"
"599",598,339,0,307,1,38,8,0,0,1,1,0,13,6,478,5,14,143,0,7,0,1,552,"0"
"600",599,521,1,187,2,103,8,2,4,1,4,5,15,0,244,1,14,77,8,7,0,1,574,"0"
"601",600,521,1,187,2,103,8,2,4,1,4,5,15,7,366,1,14,186,8,7,0,1,574,"0"
"602",601,44,2,188,1,100,14,1,0,4,4,5,7,7,90,3,20,47,8,5,0,1,91,"0"
"603",602,481,1,142,1,121,14,2,4,1,1,5,9,7,482,1,14,90,15,7,0,1,72,"1"
"604",603,481,1,142,1,121,14,2,4,1,1,5,9,7,108,2,14,25,18,7,0,1,72,"1"
"605",604,481,1,142,1,121,14,2,4,1,1,5,9,6,266,1,14,227,15,7,0,1,72,"1"
"606",605,236,0,118,1,76,8,1,0,4,4,5,4,7,498,2,14,154,5,7,0,1,585,"1"
"607",606,329,0,132,1,38,8,0,0,4,1,5,9,7,232,5,14,51,18,6,0,1,515,"2"
"608",607,490,1,139,2,70,14,0,0,4,4,5,9,7,815,3,14,25,15,5,0,1,219,"1"
"609",608,501,1,13,0,7,11,0,0,5,1,5,3,7,178,1,14,43,8,8,0,1,623,"1"
"610",609,141,2,537,1,121,14,0,0,4,4,5,9,7,745,1,14,19,18,7,0,1,181,"2"
"611",610,440,1,126,0,49,13,1,0,4,3,5,15,7,74,1,14,19,8,5,0,1,445,"1"
"612",611,217,3,121,1,83,16,0,0,4,1,5,7,7,630,1,14,172,8,5,0,1,17,"2"
"613",612,564,1,119,1,18,10,0,0,4,4,5,9,7,607,2,14,49,15,7,0,1,59,"1"
"614",613,193,2,311,2,125,14,0,0,4,4,5,15,7,466,1,14,5,5,8,0,1,337,"2"
"615",614,193,2,311,2,125,14,0,0,4,4,5,15,6,397,1,14,19,8,8,0,1,337,"1"
"616",615,366,1,245,0,109,14,2,4,4,4,5,9,7,491,2,14,56,15,8,0,1,375,"1"
"617",616,506,1,25,1,16,8,2,4,1,1,5,9,7,437,5,14,155,5,7,0,1,501,"1"
"618",617,459,1,29,1,44,8,0,0,4,4,5,4,7,827,1,14,25,0,10,0,1,424,"1"
"619",618,385,1,130,1,20,8,0,0,4,1,5,13,7,765,1,14,105,8,6,0,1,381,"1"
"620",619,482,1,123,1,84,14,0,0,4,4,5,4,7,759,0,14,69,8,8,0,1,300,"1"
"621",620,587,1,129,0,118,14,1,4,4,1,5,7,6,50,5,14,190,3,3,0,1,105,"1"
"622",621,539,1,120,2,103,8,0,0,1,4,5,4,7,719,0,14,190,8,7,0,1,600,"2"
"623",622,385,1,130,1,20,8,0,0,4,1,5,13,7,7,1,14,1,8,6,0,1,381,"2"
"624",623,137,2,127,2,134,14,0,0,1,4,5,15,7,899,2,14,19,8,8,0,1,135,"1"
"625",624,361,1,116,0,78,8,0,0,1,4,5,15,7,196,1,14,62,5,6,0,1,450,"1"
"626",625,201,2,272,1,121,14,0,0,4,1,5,15,7,389,1,14,190,8,7,0,1,161,"2"
"627",626,572,1,248,0,77,14,2,4,4,4,5,9,7,610,2,14,198,18,8,0,1,75,"1"
"628",627,286,0,238,2,103,8,0,0,4,1,5,14,7,590,1,14,19,11,2,0,1,533,"1"
"629",628,602,1,395,1,18,10,0,0,4,4,5,15,7,679,1,14,26,8,7,0,1,61,"1"
"630",629,285,0,31,1,38,8,0,0,4,1,5,9,7,111,1,14,207,18,8,0,1,591,"2"
"631",630,409,1,4,2,134,14,1,0,1,3,5,0,7,134,1,14,81,8,6,0,1,167,"1"
"632",631,248,0,3,0,78,8,0,0,4,4,5,9,7,804,2,14,13,18,8,0,1,419,"1"
"633",632,294,0,2,1,16,8,2,4,2,4,5,15,7,771,2,14,51,8,6,0,1,497,"1"
"634",633,337,0,192,1,104,8,2,4,4,1,5,15,6,611,2,14,28,0,3,0,1,464,"1"
"635",634,441,1,7,1,127,14,0,0,4,4,5,13,7,323,1,14,19,0,8,0,1,274,"1"
"636",635,194,2,400,1,121,14,0,0,5,4,5,11,7,646,0,14,5,8,8,0,1,159,"1"
"637",636,580,1,273,1,50,14,0,0,1,4,5,3,7,841,1,14,19,15,7,0,1,256,"1"
"638",637,4,2,15,1,24,14,0,0,4,4,5,15,7,436,2,14,207,8,6,0,1,188,"2"
"639",638,16,2,9,1,34,14,0,0,4,4,5,4,7,30,1,14,69,0,5,0,1,245,"2"
"640",639,502,1,20,1,20,8,0,0,4,1,5,15,7,584,1,0,207,5,5,0,1,345,"1"
"641",640,502,1,20,1,20,8,0,0,4,1,5,15,7,156,1,14,19,8,8,0,1,345,"1"
"642",641,488,1,19,2,115,7,1,0,4,1,5,15,6,140,1,14,25,7,5,0,1,1,"1"
"643",642,104,2,409,2,94,14,0,0,4,1,5,14,7,504,0,14,207,8,6,0,1,368,"2"
"644",643,428,1,399,0,77,14,0,0,4,4,5,15,7,877,1,14,176,8,8,0,1,83,"1"
"645",644,428,1,399,0,77,14,0,0,4,4,5,15,7,319,0,14,19,5,7,0,1,83,"2"
"646",645,346,0,357,1,38,8,0,0,1,1,5,14,7,705,1,14,52,0,8,0,1,613,"2"
"647",646,561,1,397,1,88,16,0,0,4,1,5,9,7,515,2,19,65,15,6,0,1,33,"1"
"648",647,249,0,257,1,76,8,0,0,1,4,5,4,7,405,1,14,13,8,8,0,1,580,"1"
"649",648,197,2,260,1,84,14,0,0,0,1,5,15,7,806,1,14,26,8,10,0,1,264,"2"
"650",649,455,1,265,0,42,8,0,0,4,4,5,4,7,747,1,14,25,18,6,0,1,575,"2"
"651",650,455,1,265,0,42,8,0,0,4,4,5,4,7,145,2,14,43,18,6,0,1,575,"1"
"652",651,384,1,264,2,131,8,1,4,4,3,5,15,7,460,1,14,26,8,6,0,1,609,"1"
"653",652,45,2,249,2,80,14,0,0,4,3,5,15,7,182,1,14,152,8,5,0,1,298,"2"
"654",653,102,2,209,1,38,14,2,4,1,4,5,1,7,199,0,14,194,5,7,0,1,394,"1"
"655",654,434,1,27,0,77,14,0,0,4,4,5,4,7,847,1,0,137,18,5,0,1,71,"1"
"656",655,247,0,12,1,38,8,0,0,1,4,5,9,7,167,2,14,13,18,7,0,1,563,"1"
"657",656,197,2,260,1,84,14,0,0,0,1,5,15,6,576,0,14,158,0,5,0,1,264,"2"
"658",657,113,2,259,2,43,14,1,0,4,4,5,15,7,891,1,14,207,5,5,0,1,171,"1"
"659",658,65,2,258,1,126,14,0,0,4,4,5,15,6,821,1,14,207,8,7,0,1,237,"1"
"660",659,608,1,321,1,127,14,2,4,4,1,5,7,7,739,1,14,116,18,6,0,1,258,"2"
"661",660,478,1,51,1,18,10,0,0,4,4,5,15,7,280,1,14,51,8,7,0,1,55,"1"
"662",661,307,0,93,2,103,8,1,0,4,4,5,4,7,832,2,0,198,8,5,0,1,599,"1"
"663",662,304,0,252,1,38,8,2,4,4,4,5,9,7,487,2,14,19,15,8,0,1,606,"2"
"664",663,147,2,28,1,121,14,2,4,1,1,5,15,7,59,1,14,19,0,8,0,1,165,"1"
"665",664,568,1,253,1,76,8,0,0,1,4,5,9,7,265,2,14,19,18,7,0,1,579,"1"
"666",665,609,1,329,0,23,14,0,0,4,4,5,4,7,127,1,22,76,5,7,0,1,350,"2"
"667",666,33,2,325,2,134,14,1,0,4,1,5,14,7,183,0,14,19,8,8,0,1,131,"1"
"668",667,609,1,329,0,23,14,0,0,4,4,5,4,7,464,1,14,115,8,7,0,1,350,"2"
"669",668,49,2,261,1,121,14,0,0,4,4,5,7,7,56,1,14,179,5,5,0,1,185,"2"
"670",669,54,2,497,2,75,14,0,0,4,4,5,15,6,431,1,14,201,8,6,0,1,215,"1"
"671",670,17,2,421,2,11,14,0,0,4,1,5,9,7,751,1,14,178,8,5,0,1,98,"2"
"672",671,114,2,347,2,23,14,0,0,4,1,5,13,7,769,0,14,75,8,7,0,1,302,"1"
"673",672,397,1,88,1,93,8,2,4,4,1,5,9,7,900,1,14,51,18,7,0,1,459,"1"
"674",673,287,0,541,1,38,8,2,4,4,1,5,15,7,64,1,14,169,8,6,0,1,518,"2"
"675",674,376,1,533,1,18,2,1,0,4,1,5,15,7,174,1,14,157,8,7,0,1,25,"1"
"676",675,115,2,538,2,106,14,0,0,4,3,5,15,7,743,1,14,187,8,5,0,1,230,"2"
"677",676,189,2,444,2,23,14,0,0,4,4,5,9,7,707,2,14,182,18,8,0,1,316,"1"
"678",677,456,1,563,1,93,8,1,0,4,3,5,15,7,732,1,14,86,8,8,0,1,420,"2"
"679",678,315,0,26,0,78,8,1,4,1,4,5,4,7,365,1,14,31,8,9,0,1,429,"1"
"680",679,315,0,26,0,78,8,1,4,1,4,5,4,6,329,1,14,55,5,9,0,1,429,"1"
"681",680,122,2,193,1,100,14,0,0,4,2,5,13,7,423,0,14,231,2,8,0,2,93,"1"
"682",681,314,0,194,1,38,8,1,0,4,1,5,4,7,898,1,0,49,8,6,0,1,511,"1"
"683",682,605,1,475,1,16,8,0,0,5,1,5,9,7,247,2,14,207,5,7,0,1,508,"1"
"684",683,347,0,465,2,131,8,0,0,4,1,5,15,7,147,1,14,240,5,7,0,1,611,"2"
"685",684,55,2,484,2,89,14,0,0,4,1,5,4,7,113,1,14,19,8,5,0,1,346,"1"
"686",685,574,1,480,2,103,8,0,0,4,4,5,2,7,863,1,14,132,8,5,0,1,603,"1"
"687",686,306,0,547,1,76,8,2,4,4,4,5,9,7,628,1,15,215,15,7,0,1,589,"1"
"688",687,202,2,626,1,50,14,0,0,4,4,5,15,6,882,0,14,25,0,7,0,1,253,"2"
"689",688,202,2,626,1,50,14,0,0,4,4,5,15,7,704,2,20,35,8,7,0,1,253,"2"
"690",689,89,2,506,2,134,14,0,0,1,4,5,4,7,634,2,14,19,5,8,0,1,120,"2"
"691",690,56,2,489,2,134,14,0,0,4,4,5,7,6,162,5,14,192,5,7,0,1,112,"1"
"692",691,89,2,506,2,134,14,0,0,1,4,5,4,7,780,2,14,55,8,8,0,1,120,"2"
"693",692,19,2,0,2,75,14,2,4,1,1,5,13,7,122,1,14,62,8,5,0,1,175,"1"
"694",693,288,0,143,1,38,8,0,0,4,1,5,9,7,430,5,20,35,16,5,0,1,490,"1"
"695",694,379,1,556,1,18,4,0,0,4,1,5,9,7,3,0,14,182,15,7,0,1,50,"1"
"696",695,382,1,562,1,16,8,0,0,4,4,5,4,7,511,0,14,51,8,7,0,1,544,"2"
"697",696,595,1,561,1,121,14,0,0,4,3,5,15,7,648,1,14,51,8,9,0,1,204,"1"
"698",697,46,2,574,1,121,14,0,0,4,4,5,9,7,854,5,14,91,18,8,0,1,183,"2"
"699",698,46,2,574,1,121,14,0,0,4,4,5,9,7,467,2,14,19,15,8,0,1,183,"1"
"700",699,244,0,628,1,76,8,0,0,5,1,5,12,7,415,2,14,42,8,7,0,1,577,"1"
"701",700,348,0,513,2,82,8,1,0,2,4,5,9,7,639,2,14,62,15,5,0,1,473,"1"
"702",701,590,1,521,1,18,10,2,4,4,4,5,15,7,49,2,14,19,0,7,0,1,67,"1"
"703",702,305,0,522,1,104,8,0,0,4,1,5,4,7,126,1,14,43,8,7,0,1,454,"2"
"704",703,66,2,514,2,134,14,2,4,4,4,5,15,7,115,1,14,17,8,7,0,1,121,"1"
"705",704,305,0,522,1,104,8,0,0,4,1,5,4,6,139,1,14,25,7,7,0,1,454,"2"
"706",705,461,1,117,0,128,8,2,4,4,1,5,14,7,638,1,14,89,8,7,0,1,460,"1"
"707",706,457,1,277,1,16,8,0,0,4,4,5,9,7,685,2,14,43,8,7,0,1,543,"1"
"708",707,49,2,261,1,121,14,0,0,4,4,5,7,7,711,0,14,198,8,8,0,1,185,"2"
"709",708,614,1,590,1,100,14,0,0,4,1,5,15,7,237,2,14,37,8,8,0,1,125,"2"
"710",709,398,1,144,2,15,8,0,0,4,1,5,9,7,697,1,14,43,15,6,0,1,597,"2"
"711",710,398,1,144,2,15,8,0,0,4,1,5,9,7,283,5,15,207,18,6,0,1,597,"1"
"712",711,148,2,600,2,53,14,0,4,1,1,5,15,6,72,1,14,43,0,5,0,1,380,"2"
"713",712,395,1,604,1,16,8,1,0,4,4,5,9,7,754,1,14,48,18,7,0,1,536,"1"
"714",713,148,2,600,2,53,14,0,4,1,1,5,15,7,519,1,14,133,8,5,0,1,380,"2"
"715",714,20,2,314,2,70,14,0,0,4,4,5,4,7,123,1,14,15,5,7,0,1,170,"1"
"716",715,21,2,315,1,100,14,2,4,4,4,5,4,7,591,2,14,15,8,6,0,1,207,"1"
"717",716,570,1,90,0,77,14,0,0,4,1,5,9,7,417,2,5,215,8,7,0,1,80,"1"
"718",717,427,1,111,1,16,8,0,0,4,4,5,15,7,358,1,0,169,8,8,0,1,531,"1"
"719",718,396,1,33,1,44,8,1,0,5,1,5,15,7,26,1,14,26,8,10,0,1,434,"1"
"720",719,377,1,59,1,104,8,0,0,4,4,5,9,7,494,2,14,25,15,7,0,1,440,"2"
"721",720,396,1,33,1,44,8,1,0,5,1,5,15,7,57,1,0,62,5,10,0,1,434,"2"
"722",721,555,1,101,2,64,14,0,0,4,1,5,4,7,493,1,14,23,8,7,0,1,130,"2"
"723",722,207,2,103,1,34,14,0,0,1,0,5,15,7,575,1,7,215,8,8,0,1,242,"1"
"724",723,399,1,124,1,16,8,0,0,4,4,5,15,7,659,1,14,190,5,7,0,1,496,"1"
"725",724,222,3,40,1,83,16,2,4,1,4,5,15,7,884,2,14,43,5,7,0,1,34,"1"
"726",725,21,2,315,1,100,14,2,4,4,4,5,4,7,688,2,14,209,5,6,0,1,207,"1"
"727",726,542,1,11,2,31,16,0,0,1,3,5,15,7,269,1,14,161,16,5,0,1,28,"2"
"728",727,333,0,48,0,78,8,1,4,4,4,5,7,7,21,2,19,169,18,9,0,1,422,"2"
"729",728,333,0,48,0,78,8,1,4,4,4,5,7,6,716,1,14,51,8,9,0,1,422,"2"
"730",729,556,1,10,0,109,14,0,0,4,4,5,15,7,676,0,14,62,16,5,0,1,349,"1"
"731",730,171,2,134,1,50,14,0,4,1,4,5,4,6,614,1,14,25,5,8,0,1,292,"1"
"732",731,47,2,131,2,26,14,0,0,1,1,5,7,7,816,1,14,19,8,5,0,1,160,"2"
"733",732,20,2,314,2,70,14,0,0,4,4,5,4,7,817,1,14,15,8,7,0,1,170,"1"
"734",733,400,1,128,1,38,8,1,0,4,1,5,9,7,207,3,14,25,18,6,0,1,509,"1"
"735",734,615,1,147,1,100,14,0,0,4,4,5,15,7,424,1,14,5,8,8,0,1,147,"2"
"736",735,171,2,134,1,50,14,0,4,1,4,5,4,7,383,1,0,111,8,8,0,1,292,"1"
"737",736,142,2,23,1,50,14,2,4,1,4,5,15,7,67,1,14,182,8,8,0,1,295,"2"
"738",737,116,2,22,2,23,14,3,3,1,4,5,9,6,55,1,14,19,15,7,0,1,315,"2"
"739",738,435,1,266,1,100,14,2,4,1,4,5,15,7,664,2,22,148,8,8,0,1,145,"1"
"740",739,431,1,268,1,38,14,0,0,4,4,5,15,7,402,1,14,25,5,8,0,1,400,"1"
"741",740,603,1,313,1,18,10,0,0,4,4,5,9,7,381,2,14,159,15,7,0,1,58,"1"
"742",741,406,1,431,0,63,8,0,0,4,3,5,15,7,620,1,0,62,5,6,0,1,516,"1"
"743",742,289,0,156,1,104,8,1,0,4,1,5,15,7,572,5,14,207,8,1,0,1,451,"1"
"744",743,616,1,204,2,96,14,0,0,1,4,5,4,7,667,1,14,17,8,7,0,1,334,"1"
"745",744,616,1,204,2,96,14,0,0,1,4,5,4,9,470,1,14,19,5,7,0,1,334,"2"
"746",745,545,1,159,1,18,10,0,0,4,4,5,15,7,521,1,0,18,16,7,0,1,62,"1"
"747",746,543,1,433,2,8,14,1,0,4,3,5,15,7,538,1,0,84,8,5,0,1,220,"1"
"748",747,582,1,176,1,112,9,0,0,4,1,5,9,7,291,5,14,221,8,7,0,1,70,"1"
"749",748,208,2,279,1,100,14,2,4,4,4,5,4,7,838,5,14,19,8,8,0,1,211,"2"
"750",749,190,2,185,1,121,14,0,0,4,4,5,15,7,878,1,14,5,8,8,0,1,187,"2"
"751",750,551,1,250,1,44,8,0,0,4,4,5,4,7,721,0,14,13,5,10,0,1,404,"1"
"752",751,425,1,254,0,109,14,0,0,4,4,5,15,7,668,1,0,131,16,8,0,1,348,"1"
"753",752,123,2,269,1,84,14,0,0,4,1,5,9,6,330,0,14,224,8,10,0,1,293,"1"
"754",753,401,1,223,2,103,8,0,0,4,4,5,15,7,362,1,0,69,15,6,0,1,572,"2"
"755",754,308,0,222,1,124,8,0,0,4,4,5,4,7,830,1,0,236,5,7,0,1,476,"1"
"756",755,371,1,576,1,16,8,0,0,4,4,5,15,7,539,1,0,12,16,5,0,1,537,"1"
"757",756,420,1,316,1,93,8,0,0,4,1,5,9,7,305,1,14,182,8,7,0,1,414,"2"
"758",757,420,1,316,1,93,8,0,0,4,1,5,9,7,660,1,14,116,18,7,0,1,414,"1"
"759",758,344,0,323,1,16,8,0,0,1,4,5,9,7,386,2,14,19,18,7,0,1,538,"1"
"760",759,252,0,322,1,124,8,0,0,4,4,5,13,7,303,1,14,25,2,7,0,1,485,"1"
"761",760,48,2,241,1,127,14,0,0,1,4,5,4,7,842,2,14,19,18,7,0,1,261,"1"
"762",761,610,1,230,1,38,14,0,0,4,4,5,9,7,46,1,14,55,15,7,0,1,383,"2"
"763",762,619,1,236,2,66,8,2,2,4,3,5,15,7,407,2,17,153,8,5,0,1,390,"2"
"764",763,48,2,241,1,127,14,0,0,1,4,5,4,7,534,1,14,188,8,7,0,1,261,"2"
"765",764,486,1,304,0,118,14,0,0,4,2,5,9,9,372,1,14,234,15,7,0,1,126,"1"
"766",765,621,1,256,1,119,16,2,4,4,3,5,15,7,837,1,14,55,8,7,0,1,44,"2"
"767",766,87,2,270,1,127,14,0,0,3,4,5,9,7,102,1,14,198,18,6,0,1,236,"1"
"768",767,362,1,341,2,123,8,0,0,1,1,5,4,7,420,2,14,19,8,7,0,1,433,"2"
"769",768,420,1,316,1,93,8,0,0,4,1,5,9,7,392,5,14,182,18,7,0,1,414,"2"
"770",769,210,2,567,1,100,14,0,0,1,1,5,14,9,112,0,14,55,8,7,0,1,240,"2"
"771",770,627,1,275,1,72,10,0,0,4,3,5,15,6,617,1,14,106,5,6,0,1,53,"1"
"772",771,351,0,274,1,124,8,0,0,4,4,5,7,6,805,0,0,199,5,8,0,1,477,"2"
"773",772,351,0,274,1,124,8,0,0,4,4,5,7,7,709,0,14,78,8,8,0,1,477,"2"
"774",773,402,1,276,0,82,8,0,0,4,1,1,14,7,544,1,0,169,8,5,0,1,542,"1"
"775",774,50,2,306,2,71,14,1,0,4,2,5,3,7,336,0,9,75,8,5,0,1,166,"2"
"776",775,569,1,280,1,38,8,2,4,0,0,5,15,5,384,1,14,116,0,3,0,1,557,"2"
"777",776,569,1,280,1,38,8,2,4,0,0,5,15,7,433,1,14,193,8,7,0,1,557,"2"
"778",777,536,1,282,1,100,14,2,4,4,2,5,7,7,840,2,14,5,18,8,0,1,110,"2"
"779",778,536,1,282,1,100,14,2,4,4,2,5,7,7,465,1,14,5,9,8,0,1,110,"2"
"780",779,416,1,580,1,50,14,0,4,4,4,5,9,7,8,5,0,170,18,7,0,1,329,"2"
"781",780,371,1,576,1,16,8,0,0,4,4,5,15,7,726,1,0,111,8,7,0,1,537,"1"
"782",781,354,0,572,1,124,8,0,0,3,4,5,3,6,746,1,14,19,8,7,0,1,475,"2"
"783",782,231,3,326,1,28,16,2,4,4,3,5,15,7,107,2,14,43,8,5,0,1,7,"2"
"784",783,558,1,283,2,85,8,2,4,4,1,5,9,7,171,5,14,152,8,7,0,1,573,"1"
"785",784,367,1,286,0,109,14,1,0,4,4,5,4,7,332,1,14,25,5,7,0,1,372,"1"
"786",785,513,1,288,1,38,8,0,0,1,1,5,9,7,633,1,14,90,18,8,0,1,457,"1"
"787",786,88,2,290,1,121,14,0,0,4,4,5,15,7,376,1,14,101,8,7,0,1,201,"2"
"788",787,620,1,267,1,93,8,0,0,4,4,5,9,7,157,2,0,207,18,7,0,1,541,"2"
"789",788,57,2,413,1,126,14,0,0,4,4,5,15,7,886,1,14,172,8,6,0,1,232,"1"
"790",789,57,2,413,1,126,14,0,0,4,4,5,15,6,469,1,14,19,0,5,0,1,232,"1"
"791",790,355,0,445,1,76,8,2,4,4,4,5,9,7,844,5,14,62,15,7,0,1,602,"2"
"792",791,492,1,457,0,109,14,0,0,4,1,5,9,7,295,2,14,43,8,8,0,1,367,"1"
"793",792,567,1,449,1,18,2,0,0,3,1,5,14,7,602,0,14,79,8,7,0,1,12,"1"
"794",793,444,1,436,1,121,14,0,0,4,1,5,15,7,142,1,14,182,8,8,0,1,141,"1"
"795",794,198,2,458,2,134,14,0,0,1,4,5,15,7,277,1,14,169,8,8,0,1,116,"2"
"796",795,238,0,429,1,38,8,0,0,4,4,5,15,7,875,1,14,102,0,6,0,1,556,"1"
"797",796,340,0,300,2,103,8,0,0,4,1,5,15,7,761,1,14,169,8,7,0,1,605,"1"
"798",797,124,2,439,1,126,14,0,0,4,2,5,13,7,307,0,14,5,8,6,0,1,231,"2"
"799",798,238,0,429,1,38,8,0,0,4,4,5,15,7,439,1,14,88,8,6,0,1,556,"2"
"800",799,232,3,434,1,83,16,0,0,1,4,5,4,9,734,1,14,185,5,7,0,1,7,"1"
"801",800,143,2,303,1,121,14,1,0,4,1,5,15,7,428,1,10,136,8,8,0,1,143,"2"
"802",801,13,2,340,1,84,14,2,4,4,4,5,7,7,831,1,14,15,5,9,0,1,279,"2"
"803",802,407,1,318,1,93,8,0,0,4,4,5,9,7,864,2,14,181,15,7,0,1,448,"1"
"804",803,149,2,317,2,46,14,0,0,4,3,5,15,6,83,2,14,207,0,5,0,1,235,"1"
"805",804,149,2,317,2,46,14,0,0,4,3,5,15,7,154,2,14,19,8,5,0,1,235,"1"
"806",805,403,1,339,1,38,8,2,4,4,4,5,9,7,651,2,0,158,18,6,0,1,558,"1"
"807",806,444,1,436,1,121,14,0,0,4,1,5,15,7,848,1,16,207,15,8,0,1,141,"1"
"808",807,203,2,312,1,84,14,0,0,4,1,5,11,7,27,5,14,168,8,7,0,1,288,"2"
"809",808,559,1,310,1,133,15,1,0,4,4,5,9,7,267,5,14,201,15,7,0,1,5,"1"
"810",809,81,2,309,1,121,14,0,0,4,1,5,15,7,288,2,14,236,8,5,0,1,139,"1"
"811",810,213,2,308,1,50,14,0,0,4,4,5,4,7,245,1,14,25,8,8,0,1,323,"2"
"812",811,212,2,183,1,84,14,0,0,4,4,5,9,7,65,1,14,55,15,10,0,1,286,"2"
"813",812,22,2,348,1,30,14,2,4,4,4,5,9,7,317,1,14,19,15,6,0,1,127,"1"
"814",813,23,2,353,1,121,14,2,4,4,3,5,15,7,812,1,14,64,8,8,0,1,172,"2"
"815",814,290,0,367,1,76,8,0,0,1,4,5,15,6,94,1,14,19,5,7,0,1,581,"1"
"816",815,23,2,353,1,121,14,2,4,4,3,5,15,6,865,1,14,43,5,5,0,1,172,"2"
"817",816,22,2,348,1,30,14,2,4,4,4,5,9,7,649,1,14,11,18,6,0,1,127,"1"
"818",817,172,2,466,1,50,14,0,0,4,1,5,9,7,563,1,14,13,8,7,0,1,314,"1"
"819",818,345,0,467,2,13,8,0,0,1,1,5,13,7,286,5,10,241,0,5,0,1,444,"2"
"820",819,458,1,482,1,38,8,0,0,4,4,5,15,7,629,1,14,126,0,7,0,1,607,"2"
"821",820,404,1,371,1,38,8,0,0,4,4,5,15,7,118,1,0,87,8,6,0,1,549,"2"
"822",821,625,1,470,0,109,14,0,0,4,4,5,9,7,599,1,14,190,18,8,0,1,386,"2"
"823",822,125,2,476,1,100,14,0,0,4,2,5,9,7,380,0,14,182,18,7,0,1,95,"2"
"824",823,243,0,594,2,15,8,2,4,4,1,5,12,7,547,1,0,198,8,5,0,1,604,"2"
"825",824,316,0,396,1,93,8,0,0,4,3,5,5,7,872,2,14,169,5,8,0,1,435,"1"
"826",825,535,1,418,1,18,10,0,0,4,4,5,15,7,720,1,15,201,8,5,0,1,46,"2"
"827",826,378,1,582,1,100,14,0,0,4,4,5,9,7,17,1,14,101,8,7,0,1,109,"1"
"828",827,378,1,582,1,100,14,0,0,4,4,5,9,7,615,0,14,46,18,5,0,1,109,"2"
"829",828,211,2,586,1,127,14,0,0,1,4,5,4,7,242,1,14,51,5,9,0,1,332,"2"
"830",829,378,1,582,1,100,14,0,0,4,4,5,9,7,785,0,14,152,18,5,0,1,109,"2"
"831",830,514,1,481,1,124,8,0,0,4,4,5,15,7,36,1,0,22,6,7,0,1,467,"1"
"832",831,405,1,493,0,33,8,1,0,4,4,5,15,7,89,1,14,0,8,7,0,1,364,"1"
"833",832,443,1,498,2,131,8,2,4,4,3,5,9,7,146,1,14,62,18,7,0,1,617,"1"
"834",833,537,1,136,2,67,14,0,0,4,4,5,4,7,545,1,14,127,8,5,0,1,305,"1"
"835",834,613,1,239,0,78,8,0,0,1,4,5,4,6,373,1,14,207,5,9,0,1,418,"1"
"836",835,473,1,598,1,50,14,0,0,4,4,5,15,7,347,1,14,137,8,8,0,1,325,"1"
"837",836,358,0,284,2,107,8,1,0,4,3,5,15,7,429,2,14,19,8,5,0,1,472,"1"
"838",837,622,1,515,1,16,8,2,4,4,4,5,15,7,794,1,14,190,16,5,0,1,548,"1"
"839",838,209,2,517,1,24,14,0,0,4,4,5,15,7,35,1,14,182,8,6,0,1,229,"1"
"840",839,349,0,524,0,109,14,0,0,2,4,5,9,6,549,1,14,223,8,7,0,1,376,"1"
"841",840,353,0,145,1,38,8,0,0,4,4,5,15,6,889,1,14,67,8,6,0,1,507,"1"
"842",841,612,1,564,0,78,8,2,4,4,4,5,4,7,78,1,14,198,8,9,0,1,468,"1"
"843",842,14,2,105,2,134,14,1,0,4,4,5,4,7,781,1,14,43,8,8,0,1,118,"1"
"844",843,150,2,619,1,121,14,0,0,4,1,5,15,6,596,1,14,105,0,2,0,1,228,"1"
"845",844,497,1,91,1,38,8,0,0,4,4,5,4,7,533,4,10,36,8,8,0,1,417,"1"
"846",845,410,1,189,1,100,14,2,4,1,4,5,9,7,657,2,14,25,18,7,0,1,90,"1"
"847",846,205,2,30,1,100,14,1,0,4,4,5,15,5,34,0,14,19,5,7,0,1,99,"1"
"848",847,581,1,104,1,121,14,0,0,4,4,5,9,7,635,2,14,55,8,8,0,1,179,"1"
"849",848,214,2,112,1,121,14,0,0,4,1,5,9,7,256,2,14,25,15,6,0,1,151,"1"
"850",849,410,1,189,1,100,14,2,4,1,4,5,9,7,782,2,14,127,18,7,0,1,90,"1"
"851",850,291,0,186,0,78,8,1,0,4,1,5,7,7,742,1,14,43,8,2,0,1,416,"1"
"852",851,381,1,122,1,18,4,0,0,4,1,5,15,7,860,0,15,18,0,7,0,1,48,"1"
"853",852,500,1,125,1,119,16,0,0,4,3,5,15,7,807,1,14,20,8,7,0,1,45,"1"
"854",853,480,1,43,1,38,14,0,0,4,4,5,4,6,173,0,0,160,5,8,0,1,398,"1"
"855",854,381,1,122,1,18,4,0,0,4,1,5,15,7,693,0,15,201,8,7,0,1,48,"1"
"856",855,380,1,146,1,18,10,0,0,1,4,5,15,7,595,2,14,55,8,7,0,1,68,"1"
"857",856,239,0,305,2,123,8,2,4,4,1,5,13,7,652,1,14,26,8,5,0,1,442,"1"
"858",857,273,0,46,1,38,8,0,0,1,1,5,9,7,845,2,14,207,15,6,0,1,532,"1"
"859",858,618,1,68,2,103,8,0,0,4,1,5,15,9,306,1,14,19,0,5,0,1,596,"1"
"860",859,604,1,80,1,99,15,0,0,4,3,5,7,7,801,1,14,121,8,7,0,1,0,"1"
"861",860,151,2,74,1,121,14,0,0,4,1,5,9,7,314,3,14,61,8,7,0,1,202,"1"
"862",861,317,0,82,1,44,8,1,4,1,4,5,9,6,422,1,0,158,8,10,0,1,413,"1"
"863",862,318,0,1,1,76,8,0,0,4,4,5,9,7,39,1,14,190,15,7,0,1,592,"1"
"864",863,126,2,5,2,59,14,0,0,4,3,5,15,6,153,0,14,182,0,5,0,1,115,"1"
"865",864,204,2,115,1,127,14,0,0,4,1,5,9,7,9,1,14,199,15,6,0,1,244,"1"
"866",865,493,1,191,1,132,13,0,0,1,3,5,15,7,322,0,22,224,8,8,0,1,446,"1"
"867",866,292,0,246,1,76,8,2,4,1,4,5,4,7,313,0,14,17,8,7,0,1,583,"1"
"868",867,470,1,243,1,34,14,2,4,1,4,5,4,6,540,1,14,110,8,8,0,1,246,"1"
"869",868,576,1,14,1,38,14,0,0,1,4,5,4,7,181,1,14,113,5,8,0,1,379,"1"
"870",869,274,0,199,1,76,8,0,0,1,4,5,15,6,249,1,14,209,5,6,0,1,584,"1"
"871",870,274,0,199,1,76,8,0,0,1,4,5,15,7,355,1,16,17,8,6,0,1,584,"1"
"872",871,547,1,202,1,18,10,0,0,4,4,5,15,7,895,1,14,235,16,8,0,1,63,"1"
"873",872,24,2,160,1,100,14,0,0,1,1,5,9,7,60,1,14,51,18,7,0,1,128,"1"
"874",873,334,0,6,1,38,8,0,0,4,1,5,15,7,161,1,14,182,8,6,0,1,546,"1"
"875",874,357,0,242,1,104,8,2,4,4,4,5,9,7,735,1,14,218,18,6,0,1,441,"1"
"876",875,352,0,354,1,38,8,0,0,4,3,5,15,7,186,1,14,4,8,7,0,1,498,"1"
"877",876,359,0,425,1,93,8,0,0,4,4,5,15,7,252,1,14,223,8,8,0,1,462,"1"
"878",877,359,0,425,1,93,8,0,0,4,4,5,15,6,601,1,14,10,5,8,0,1,462,"1"
"879",878,153,2,424,1,121,14,0,0,4,1,5,9,7,409,1,14,25,15,8,0,1,178,"1"
"880",879,560,1,178,1,100,14,0,0,1,4,5,9,7,604,5,16,235,18,8,0,1,150,"1"
"881",880,152,2,179,2,23,14,0,4,4,4,5,4,6,135,1,14,67,0,3,0,1,317,"1"
"882",881,588,1,8,1,18,3,0,0,1,1,5,9,7,271,5,16,223,8,6,0,1,29,"1"
"883",882,469,1,21,2,134,14,0,0,4,4,5,9,7,321,2,14,206,15,8,0,1,124,"1"
"884",883,421,1,16,1,124,8,0,0,1,3,5,15,7,93,1,14,180,8,7,0,1,470,"1"
"885",884,58,2,278,2,98,14,0,0,4,3,5,15,6,41,1,14,51,0,5,0,1,137,"1"
"886",885,341,0,271,2,103,8,0,0,1,3,5,9,7,723,5,14,51,18,5,0,1,551,"1"
"887",886,335,0,18,2,40,8,0,0,4,1,5,7,7,857,1,0,169,8,5,0,1,555,"1"
"888",887,552,1,24,2,131,8,0,0,4,3,5,15,7,686,1,14,183,8,6,0,1,610,"1"
"889",888,573,1,17,1,18,4,0,1,4,1,5,13,7,715,1,14,149,8,7,0,1,47,"1"
"890",889,215,2,299,1,50,14,0,0,4,4,5,15,7,696,1,14,182,8,7,0,1,344,"1"
"891",890,216,2,301,1,121,14,0,0,4,1,5,9,7,892,5,14,207,8,7,0,1,197,"1"
"892",891,206,2,298,1,121,14,0,0,4,1,5,15,6,385,1,14,214,8,8,0,1,146,"1"
"893",892,553,1,294,0,78,8,0,0,4,3,5,4,6,811,1,14,169,5,6,0,1,396,"1"
"894",893,540,1,285,1,76,8,0,0,4,4,5,9,7,103,5,14,81,15,7,0,1,587,"1"
"895",894,343,0,297,1,38,8,0,0,4,4,5,9,7,502,5,14,43,15,6,0,1,550,"1"
"896",895,508,1,251,1,20,8,0,0,4,1,5,13,6,371,1,14,99,2,8,0,1,384,"1"
"897",896,487,1,255,1,38,14,0,0,4,4,5,9,7,714,3,14,182,15,9,0,1,354,"1"
"898",897,360,0,349,2,3,8,0,0,4,1,5,15,7,228,1,14,134,8,5,0,1,465,"1"
"899",898,350,0,220,0,78,8,0,0,1,4,5,15,6,234,1,14,199,8,8,0,1,431,"1"
"900",899,611,1,262,2,69,0,3,3,4,1,5,0,7,531,1,15,189,0,7,0,1,620,"1"
"901",900,342,0,263,1,104,8,3,4,4,4,5,15,7,559,1,14,25,0,6,0,1,436,"1"
"902",901,356,0,460,2,40,8,0,0,4,3,5,3,7,574,1,14,196,5,5,0,1,513,"1"
